"id","slug","name","description","shortDescription","fullDescription","sku","price","originalPrice","discountAmount","stockQuantity","lowStockThreshold","weightKg","lengthCm","widthCm","heightCm","warrantyMonths","isWarrantyCovered","isActive","featureOnHomepage","isTrending","isBestSelling","features","specifications","categoryId","brandId","images","colors","storageOptions","tags","reviews","orderItems","cartItems","wishlistItems","coupons","createdAt","updatedAt"
"8b4a4e94-9f34-4d82-a53a-9456b36c8d0d","iphone-x","IPHONE X ","Experience sleek design, powerful performance, and Face ID security with the iPhone X. A premium Apple device built for everyday performance and style.","Experience sleek design, powerful performance, and Face ID security with the iPhone X. A premium Apple device built for everyday performance and style.","The Apple iPhone X is a blend of innovation, elegance, and power. Featuring a stunning 5.8-inch Super Retina OLED display, Face ID for seamless security, and the powerful A11 Bionic chip, it delivers a smooth and responsive user experience. With varying internal storage capacity, there's ample space for your favorite apps, photos, and videos. Whether you're multitasking or capturing memories with the dual 12MP cameras, the iPhone X remains efficient and stylish. Perfectly optimized for Nigerian networks, it supports 4G LTE for fast internet browsing and streaming.
","APP-PRO-961880OZA","197000","197000","0","5","0","1","138.3","67.1","7.1","12","true","true","false","false","false","[""IPHONE X - GRADE A|| 64GB || 197,000"",""IPHONE X - GRADE A|| 256GB || 240,000"",""5.8\"" Super Retina OLED Display – Vivid color and edge-to-edge clarity"",""Face ID – Advanced facial recognition for secure unlocking"",""Dual 12MP Rear Cameras – Capture portrait shots and 4K video with ease"",""Water & Dust Resistant (IP67) – Built to handle everyday challenges""]","[{""name"":""Storage"",""value"":""64GB, 256GB Internal Memory""},{""name"":""Processor"",""value"":""Apple A11 Bionic Chip with Neural Engine""},{""name"":""Display"",""value"":""5.8-inch (1125 x 2436) OLED, HDR10""},{""name"":""Battery Life"",""value"":""Up to 21 hours talk time""}]","e26973b8-b931-4be7-b4dc-1b1f2ab5e42c","454d9b89-9ae9-4694-8f78-8ed73ff8659f","[""https://cdn.sanity.io/images/6cn2ufbi/prod_main/9f3899dace37b440c228701bc0cb81e746dd305d-4000x4000.jpg"",""https://cdn.sanity.io/images/6cn2ufbi/prod_main/b734c5c96b19e322031a6f3bddf1726d38a2e657-4000x4000.jpg""]","[""Gray"",""Silver""]","[]","[""IPHONE X""]","[]","[]","[]","[]","[]","2025-10-05T02:39:25Z","2025-12-07T01:40:24Z"
"29ddd7d5-e36b-469f-a585-6b86524341d2","iphone-xs-max","IPHONE XS MAX","Powerful, premium, and with dual cameras — the iPhone XS / XS Max offers flagship features in two size options.","Powerful, premium, and with dual cameras — the iPhone XS / XS Max offers flagship features in two size options.","The Apple iPhone XS / XS Max features dual 12MP rear cameras (wide + telephoto) for optical zoom, Smart HDR, and superior low-light capture. The XS Max gives you a larger 6.5‑inch OLED screen, while the XS retains a more compact form. Both run on the A12 Bionic chip, support Face ID, and offer a refined, glass-and-stainless‑steel build. They provide a high-end experience for users wanting advanced camera capabilities and performance.","APP-PRO-18737516J","295000","295000","0","5","0","1","10","5","2","12","true","true","false","false","false","[""IPHONE XS MAX|| GRADE A || 64GB || 295,000"",""IPHONE XS MAX|| GRADE A || 256GB || 335,000"",""Dual 12MP rear cameras (wide + telephoto)"",""Smart HDR and advanced image processing"",""Super Retina OLED display"",""IP68 water and dust resistance"",""Optical zoom: 2× telephoto lens, digital zoom up to 10× [5]""]","[{""name"":""Storage options"",""value"":""64GB, 256GB, 512GB""},{""name"":""Chipset"",""value"":""A12 Bionic [2]""}]","e26973b8-b931-4be7-b4dc-1b1f2ab5e42c","454d9b89-9ae9-4694-8f78-8ed73ff8659f","[""https://cdn.sanity.io/images/6cn2ufbi/prod_main/c7f05ead60548a54be8004b841404501064fa122-4000x4000.jpg"",""https://cdn.sanity.io/images/6cn2ufbi/prod_main/4e306a527614f0e36f49b4fc3875d20e9c533c1c-4000x4000.jpg""]","[""Gray"",""Gold"",""Silver""]","[]","[""IPHONE XS MAX""]","[]","[]","[]","[]","[]","2025-10-05T02:59:50Z","2025-12-07T01:51:05Z"
"7615b260-cdbb-464e-be77-bdcc6033db78","iphone-xrw","Iphone XR","Power meets style with the iPhone XR — featuring a stunning 6.1” Liquid Retina display, A12 Bionic chip, and advanced Face ID in a sleek, durable design.","Power meets style with the iPhone XR — featuring a stunning 6.1” Liquid Retina display, A12 Bionic chip, and advanced Face ID in a sleek, durable design.","Experience the perfect balance of performance and design with the iPhone XR. Built with Apple’s powerful A12 Bionic chip, the XR delivers smooth multitasking, immersive AR experiences, and efficient battery use all day long. Its 6.1-inch Liquid Retina HD display offers vibrant color accuracy, while the aerospace-grade aluminum and glass body adds durability and elegance. Capture incredible shots with the 12MP rear camera and enjoy secure unlocking and payments through advanced Face ID. Whether for work, play, or everything in between, the iPhone XR is engineered to keep up with your lifestyle.  ","APP-PRO-28222096G3","220000","240000","20000","5","0","1","10","5","2","1","true","true","false","false","false","[""IPHONE XR || GRADE A || 64GB || 220,000"",""IPHONE XR || GRADE A || 128GB || 265,000"",""IPHONE XR || GRADE A || 256GB || 300,000"",""6.1” Liquid Retina HD display for vivid, true-to-life visuals"",""A12 Bionic chip with next-gen Neural Engine for fast performance"",""12MP rear camera with Smart HDR and 4K video recording"",""Wireless charging and fast-charge capable""]","[{""name"":""Storage Options"",""value"":""64GB / 128GB / 256GB""},{""name"":""Front Camera"",""value"":""7MP TrueDepth, Portrait Mode, 1080p HD video""},{""name"":""Rear Camera"",""value"":""12MP wide-angle, f/1.8 aperture, Smart HDR, 4K video""},{""name"":""Display"",""value"":""6.1-inch Liquid Retina HD (LCD), 1792x828 resolution""}]","e26973b8-b931-4be7-b4dc-1b1f2ab5e42c","454d9b89-9ae9-4694-8f78-8ed73ff8659f","[]","[""Black"",""Blue"",""Red"",""Silver""]","[]","[""IPHONE XR""]","[]","[]","[]","[]","[]","2025-10-08T04:38:05Z","2026-01-15T15:34:32Z"
"445f62c8-2a85-48ab-81ba-d5f0727c8f40","iphone-11-","IPHONE 11","Reliable, powerful, and efficient — the iPhone 11 offers a perfect blend of performance and value for everyday use.","Reliable, powerful, and efficient — the iPhone 11 offers a perfect blend of performance and value for everyday use.","The Apple iPhone 11 is a great all-rounder, packing Apple’s A13 Bionic chip, a dual-camera system (ultra-wide + wide), and a 6.1‑inch Liquid Retina LCD display. Its long battery life, solid software support, and excellent performance make it one of the most popular iPhones still in demand. Fully compatible with Nigerian networks, it supports LTE and offers seamless integration with the Apple ecosystem.","APP-PRO-310547UENZ","310000","315000","5000","5","0","1","10","5","2","12","true","true","false","false","false","[""IPHONE 11|| GRADE A || 64GB || 310,000"",""IPHONE 11|| GRADE A || 128GB || 360,000"",""IPHONE 11|| GRADE A || 256GB || 390,000"",""Dual 12 MP cameras (wide + ultra-wide) with Night Mode"",""A13 Bionic chip for smooth multitasking and gaming"",""6.1‑inch LCD (Liquid Retina HD display), 1792×828 resolution"",""Water and dust resistance (IP68)"",""Battery: Up to 17 hours video playback""]","[{""name"":""Storage"",""value"":""64GB/ 128GB/ 256GB""},{""name"":""Chipset"",""value"":""A13 Bionic""}]","e26973b8-b931-4be7-b4dc-1b1f2ab5e42c","454d9b89-9ae9-4694-8f78-8ed73ff8659f","[""https://cdn.sanity.io/images/6cn2ufbi/prod_main/f53ba6bfefdcd9271176186046a145fed346e09c-4000x4000.jpg""]","[""Black"",""White"",""Green"",""Red"",""Purple""]","[]","[""IPHONE 11""]","[]","[]","[]","[]","[]","2025-10-08T04:55:13Z","2026-01-15T12:57:47Z"
"e56c41da-b6c3-4785-9325-dba2bd1f895f","iphone-11-pro-","IPHONE 11 PRO","The iPhone 11 Pro  brings the triple-camera system and superb performance in one premium package.","The iPhone 11 Pro  brings the triple-camera system and superb performance in one premium package.","With three 12MP sensors (wide, ultra-wide, telephoto), iPhone 11 Pro gives you flexibility for everything from landscapes to portraits. The A13 Bionic chip ensures seamless performance, while the Super Retina XDR OLED display delivers vivid color and high contrast. Battery life is improved over prior models, and with IP68 durability and support for 18W fast charging, these flagships offer a rich experience","APP-PRO-595139M1GD","370000","370000","0","5","0","1","10","5","2","12","true","true","false","false","false","[""IPHONE 11 PRO || GRADE A || 64GB || 370,000"",""IPHONE 11 PRO || GRADE A || 256GB || 390,000"",""IPHONE 11 PRO || GRADE A || 512GB || 395,000"",""Triple 12MP cameras (wide, ultra-wide, telephoto)"",""Night Mode and Smart HDR"",""Super Retina XDR OLED display"",""5.8\"" (Display Size)"",""Battery & charging- Up to 18W fast charging, wireless charging"",""Excellent battery life & fast charging""]","[{""name"":""Storage"",""value"":""64GB/ 256GB/ 512GB""},{""name"":""Chipset"",""value"":""A13 Bionic""}]","e26973b8-b931-4be7-b4dc-1b1f2ab5e42c","454d9b89-9ae9-4694-8f78-8ed73ff8659f","[""https://cdn.sanity.io/images/6cn2ufbi/prod_main/5f0888e67ba953d506c8fd5b05f681ac003f599a-4000x4000.jpg"",""https://cdn.sanity.io/images/6cn2ufbi/prod_main/8fd94770f3c73f0bfeabee846aa07fd1bd4d854b-4000x4000.jpg""]","[""Green"",""Gray"",""Gold"",""Silver""]","[""64GB"",""256GB"",""512GB"",""128GB""]","[""IPHONE 11 PRO""]","[]","[]","[]","[]","[]","2025-10-08T06:06:38Z","2025-11-12T22:02:16Z"
"544f71c1-4997-40fb-877d-7eb6d6d4e9e6","iphone-11-pro-max","IPHONE 11 PRO MAX","The iPhone 11 Pro Max brings the triple-camera system and superb performance in one premium package","The iPhone 11 Pro Max brings the triple-camera system and superb performance in one premium package","With three 12MP sensors (wide, ultra-wide, telephoto), iPhone 11 Pro Max gives you flexibility for everything from landscapes to portraits. The A13 Bionic chip ensures seamless performance, while the Super Retina XDR OLED display delivers vivid color and high contrast. Battery life is improved over prior models, and with IP68 durability and support for 18W fast charging, these flagships offer a rich experience.","APP-PRO-216358W61","435000","435000","0","5","0","1","10","5","2","12","true","true","false","false","false","[""IPHONE 11 PROMAX|| GRADE A || 64GB || 435,000"",""IPHONE 11 PROMAX|| GRADE A || 256GB || 460,000"",""Triple 12MP cameras (wide, ultra-wide, telephoto)"",""Night Mode and Smart HDR"",""Super Retina XDR OLED display"",""6.5\"" (Display sizes)"",""Excellent battery life & fast charging""]","[{""name"":""Chipset"",""value"":""A13 Bionic""},{""name"":""Storage"",""value"":""64GB/ 256GB/ 512GB""}]","e26973b8-b931-4be7-b4dc-1b1f2ab5e42c","454d9b89-9ae9-4694-8f78-8ed73ff8659f","[""https://cdn.sanity.io/images/6cn2ufbi/prod_main/5f0888e67ba953d506c8fd5b05f681ac003f599a-4000x4000.jpg"",""https://cdn.sanity.io/images/6cn2ufbi/prod_main/8fd94770f3c73f0bfeabee846aa07fd1bd4d854b-4000x4000.jpg""]","[""Gold"",""Green"",""Silver"",""Gray""]","[""64GB"",""256GB""]","[]","[]","[]","[]","[]","[]","2025-10-08T06:16:59Z","2025-10-08T06:16:59Z"
"76564dd9-9b17-4cc4-ac7e-f8beca4a3845","iphone-12","IPHONE 12"," The 'IPhone 12' is built for the next generation."," The 'IPhone 12' is built for the next generation.","The Apple iPhone 12 introduces 5G connectivity, the A14 Bionic chip, and a stunning 6.1‑inch Super Retina XDR OLED display. With ceramic shield glass for durability and a dual-camera system capable of Night Mode on both lenses, it's a powerful yet elegant device. Perfectly tuned for all networks and global compatibility.","APP-PRO-1542569FV","310000","340000","30000","5","0","1","10","5","2","1","true","true","false","false","false","[""IPHONE 12 || GRADE A || 64GB || 310,000"",""IPHONE 12 || GRADE A || 128GB || 350000"",""IPHONE 12 || GRADE A || 256GB || 380,000"",""5G-ready for faster browsing and streaming"",""Super Retina XDR OLED display Dual"",""12 MP rear cameras with Night Mode"",""Ceramic Shield front glass for enhanced durability"",""Battery - Up to 17 hours video playback""]","[{""name"":""Storage"",""value"":""64GB/ 128GB/ 256GB""},{""name"":""Chipset"",""value"":""A14 Bionic""},{""name"":""Display"",""value"":""6.1\"" OLED, 2532×1170 resolution""}]","e26973b8-b931-4be7-b4dc-1b1f2ab5e42c","454d9b89-9ae9-4694-8f78-8ed73ff8659f","[]","[""Black"",""White"",""Red"",""Green"",""Blue""]","[""64GB"",""128GB"",""256GB""]","[""IPHONE 12""]","[]","[]","[]","[]","[]","2025-10-08T06:32:37Z","2026-01-15T15:39:08Z"
"57d02c02-b55f-40d0-aee4-12655d8dd913","iphone-12-pro","IPHONE 12 PRO","Elegant and powerful — the iPhone 12 Pro combines a sleek design, pro-level cameras, and blazing-fast performance with 5G speed and stunning Super Retina XDR display.","Elegant and powerful — the iPhone 12 Pro combines a sleek design, pro-level cameras, and blazing-fast performance with 5G speed and stunning Super Retina XDR display.","The iPhone 12 Pro delivers professional performance in a premium stainless-steel frame. Powered by Apple’s A14 Bionic chip, it offers ultra-fast responsiveness, advanced AI processing, and smooth multitasking. The triple-camera system with LiDAR scanner enables breathtaking photos, low-light portraits, and cinematic 4K Dolby Vision videos. Enjoy rich visuals on the 6.1” Super Retina XDR display, and stay ahead with 5G connectivity for faster downloads and streaming. Durable Ceramic Shield front cover and water resistance add confidence to your everyday use.
","APP-PRO-5335348GK","425000","480000","55000","5","0","1","10","5","2","1","true","true","false","false","false","[""IPHONE 12 PRO|| GRADE A || 128GB || 425,000"",""IPHONE 12 PRO|| GRADE A || 256GB || 500,000"",""IPHONE 12 PRO|| GRADE A || 512GB || 510,000"",""Triple 12MP Pro camera system with LiDAR for enhanced depth"",""6.1” Super Retina XDR OLED display"",""A14 Bionic chip with next-gen Neural Engine"",""5G capable for ultra-fast connectivity"",""Battery Life- Up to 17 hours video playback""]","[{""name"":""Processor"",""value"":""A14 Bionic""},{""name"":""Storage Options"",""value"":""128GB / 256GB / 512GB""}]","e26973b8-b931-4be7-b4dc-1b1f2ab5e42c","454d9b89-9ae9-4694-8f78-8ed73ff8659f","[]","[""Blue"",""Silver"",""Gold""]","[""128GB"",""256GB"",""512GB""]","[""IPHONE 12 PRO""]","[]","[]","[]","[]","[]","2025-10-09T04:35:36Z","2026-01-15T15:43:39Z"
"689114b9-c22f-4997-aeae-7154805e8bbc","iphone-12-pro-max","IPHONE 12 PRO MAX","iPhone 12 Pro Max pushes boundaries with its largest display, powerful A14 Bionic chip, and a Pro camera system built for stunning detail and low-light performance.","iPhone 12 Pro Max pushes boundaries with its largest display, powerful A14 Bionic chip, and a Pro camera system built for stunning detail and low-light performance.","The iPhone 12 Pro Max is Apple’s premium flagship experience, combining a massive 6.7-inch Super Retina XDR display with the raw power of the A14 Bionic chip. It features a triple 12MP Pro camera system with enhanced optical zoom, Night mode across all lenses, and Dolby Vision HDR recording for cinematic videos. The larger sensor improves low-light photography, while the LiDAR scanner enables faster autofocus and AR experiences. Built with Ceramic Shield, 5G connectivity, and Mag Safe support, the 12 Pro Max is made for users who demand top-tier performance and design.","APP-PRO-938401WYN","575000","630000","55000","5","0","1","10","5","2","1","true","true","false","false","false","[""IPHONE 12 PRO MAX|| GRADE A || 128GB || 575,000"",""IPHONE 12 PRO MAX|| GRADE A || 256GB || 595,000"",""6.7” Super Retina XDR OLED display  2778 x 1284 resolution"",""Pro camera system with 5x optical zoom range and Night mode"",""A14 Bionic chip with Neural Engine for ultra-fast processing"",""LiDAR scanner for low-light portraits and immersive AR""]","[{""name"":""Processor"",""value"":""A14 Bionic""},{""name"":""Storage Options"",""value"":""128GB / 256GB / 512GB""}]","e26973b8-b931-4be7-b4dc-1b1f2ab5e42c","454d9b89-9ae9-4694-8f78-8ed73ff8659f","[""https://cdn.sanity.io/images/6cn2ufbi/prod_main/b8d4ef4dc4a4b6733528a0944d1bfcf88e6260c9-4000x4000.jpg"",""https://cdn.sanity.io/images/6cn2ufbi/prod_main/b3d3d4c74bfb397a26ebccbcbfb6b8630bfcbd35-4000x4000.jpg""]","[""Gold"",""Blue"",""Silver""]","[""128GB"",""256GB""]","[""IPHONE 12 PRO MAX""]","[]","[]","[]","[]","[]","2025-10-09T05:15:41Z","2025-10-09T05:15:41Z"
"127c3ca6-0167-4ce9-82d9-99c193b2f82b","iphone-13","IPHONE 13","iPhone 13 delivers powerful performance, all-day battery life, and advanced dual cameras — all wrapped in a sleek, durable design.","iPhone 13 delivers powerful performance, all-day battery life, and advanced dual cameras — all wrapped in a sleek, durable design.","The iPhone 13 is designed to give you more of what you love. Powered by the ultra-efficient A15 Bionic chip, it delivers lightning-fast performance and enhanced graphics for everything from gaming to multitasking. Its 6.1” Super Retina XDR display offers vibrant colors and sharp detail, while the improved dual 12MP camera system features sensor-shift stabilization and cinematic video mode. With stronger battery life, 5G connectivity, and a sleek flat-edge design, the iPhone 13 is a perfect balance of style and speed.","APP-PRO-100623G1C","450000","480000","30000","5","0","1","10","5","2","1","true","true","false","false","false","[""IPHONE 13 || GRADE A || 128GB || 450,000"",""IPHONE 13 || GRADE A || 256GB || 490,000"",""6.1” Super Retina XDR display"",""A15 Bionic chip with 5G support"",""Dual 12MP camera system with Cinematic mode"",""Durable Ceramic Shield and IP68 water resistance"",""Battery Life - Up to 19 hours video playback"",""OS: iOS 15 (upgradeable)""]","[{""name"":""Storage Options"",""value"":""128GB / 256GB / 512GB""},{""name"":""Camera"",""value"":""Dual 12MP (wide + ultra-wide)""}]","e26973b8-b931-4be7-b4dc-1b1f2ab5e42c","454d9b89-9ae9-4694-8f78-8ed73ff8659f","[""https://cdn.sanity.io/images/6cn2ufbi/prod_main/a460b408952fb117f5883da4316a72526c21d59f-4000x4000.jpg"",""https://cdn.sanity.io/images/6cn2ufbi/prod_main/f74b7ed461ceb65d33ab489e457105d9d3b76416-4000x4000.jpg""]","[""Red"",""Pink"",""Blue""]","[""128GB"",""256GB""]","[""IPHONE 13""]","[]","[]","[]","[]","[]","2025-10-09T05:35:03Z","2025-10-09T05:35:03Z"
"4c73e386-69f4-42cb-a953-fc918af2752b","iphone-13-pro","IPHONE 13 PRO","iPhone 13 Pro combines pro-level camera power, super-smooth performance, and a sleek stainless-steel design built for those who demand more.","iPhone 13 Pro combines pro-level camera power, super-smooth performance, and a sleek stainless-steel design built for those who demand more.","The iPhone 13 Pro is engineered for performance and precision. Its 6.1” Super Retina XDR display with ProMotion 120Hz offers ultra-smooth visuals, perfect for gaming, content creation, and daily use. Powered by the A15 Bionic chip with a 5-core GPU, it handles demanding apps with ease. The triple 12MP Pro camera system includes Night mode on all lenses, macro photography, and Cinematic video for professional-grade content. With up to 1TB storage, 5G support, MagSafe compatibility, and all-day battery life, the iPhone 13 Pro delivers in every category.
","APP-PRO-305231GVN","570000","630000","60000","5","0","1","10","5","2","1","true","true","false","false","false","[""IPHONE 13 PRO || GRADE A || 128GB || 570,000"",""IPHONE 13 PRO || GRADE A || 256GB || 650,000"",""IPHONE 13 PRO || GRADE A || 512GB || 700,000"",""ProMotion 120Hz 6.1” Super Retina XDR OLED display for smooth interaction"",""Triple 12MP cameras with macro, Night mode, and Cinematic video"",""A15 Bionic chip with 5-core GPU for top-tier performance"",""Surgical-grade stainless steel design with Ceramic Shield""]","[{""name"":""Camera"",""value"":""12MP wide, ultra-wide, telephoto + LiDAR""},{""name"":""Storage Options"",""value"":""128GB / 256GB / 512GB / 1TB""}]","e26973b8-b931-4be7-b4dc-1b1f2ab5e42c","454d9b89-9ae9-4694-8f78-8ed73ff8659f","[""https://cdn.sanity.io/images/6cn2ufbi/prod_main/f12c190039cbd1398b6d766bf0023936f331e272-4000x4000.jpg"",""https://cdn.sanity.io/images/6cn2ufbi/prod_main/10de8ca4d1b7c3b36b0f0293e5345da4834b4b69-4000x4000.jpg""]","[""Gold"",""Silver"",""Blue"",""Green""]","[""128GB"",""256GB"",""512GB"",""1TB""]","[""IPHONE 13 PRO""]","[]","[]","[]","[]","[]","2025-10-09T05:55:08Z","2025-10-09T05:55:08Z"
"fd305e9c-4e54-4327-b7aa-911228980084","iphone-13-pro-max","IPHONE 13 PRO MAX","iPhone 13 Pro Max delivers Apple’s most powerful features — Pro camera system, massive battery, and stunning 6.7” Super Retina XDR display with ProMotion.","iPhone 13 Pro Max delivers Apple’s most powerful features — Pro camera system, massive battery, and stunning 6.7” Super Retina XDR display with ProMotion.","The iPhone 13 Pro Max is the ultimate iPhone experience — built for power users, creators, and professionals. It features a 6.7-inch Super Retina XDR display with ProMotion 120Hz for incredibly smooth visuals. Equipped with the A15 Bionic chip and a 5-core GPU, it handles intense tasks, gaming, and video editing effortlessly. The triple 12MP Pro cameras with macro photography, Night mode, and Cinematic video give you complete creative control. With excellent battery life, up to 1TB of storage, and a premium stainless-steel body, it’s built to perform and impress.","APP-PRO-887807MDO","695000","740000","45000","5","0","1","10","5","2","12","true","true","false","false","false","[""IPHONE 13 PRO MAX|| GRADE A || 128GB || 695,000"",""IPHONE 13 PRO MAX|| BOXED || 128GB || 780,000"",""IPHONE 13 PRO MAX|| GRADE A || 256GB || 740,000"",""IPHONE 13 PRO MAX|| BOXED || 256GB || 850,000"",""IPHONE 13 PRO MAX|| GRADE A || 512GB || 805,000"",""6.7” ProMotion OLED display (120Hz refresh rate) Super Retina XDR, 2778 x 1284 resolution"",""Triple 12MP camera system with LiDAR and macro mode"",""A15 Bionic chip with 5-core GPU and 5G support"",""All-day battery life with MagSafe wireless charging"",""Battery Life - Up to 28 hours video playback""]","[{""name"":""Storage"",""value"":""128GB / 256GB / 512GB / 1TB""},{""name"":""Camera"",""value"":""Triple 12MP (wide, ultra-wide, telephoto) + Cinematic mode""}]","e26973b8-b931-4be7-b4dc-1b1f2ab5e42c","454d9b89-9ae9-4694-8f78-8ed73ff8659f","[""https://cdn.sanity.io/images/6cn2ufbi/prod_main/f12c190039cbd1398b6d766bf0023936f331e272-4000x4000.jpg"",""https://cdn.sanity.io/images/6cn2ufbi/prod_main/983ed3d8c33dfc2b35921d1b6cb25fd03fa292b5-4000x4000.jpg""]","[""Gold"",""Blue"",""Green"",""Silver""]","[""128GB"",""256GB"",""512GB""]","[""IPHONE 13 PRO MAX""]","[]","[]","[]","[]","[]","2025-10-10T05:08:11Z","2025-10-10T05:08:11Z"
"e3cbf113-b237-411e-8ad5-8103ccba002a","iphone-14","IPHONE 14","iPhone 14 offers upgraded performance, better low-light photography, and all-day battery life — all in a sleek, durable design with 5G speed.","iPhone 14 offers upgraded performance, better low-light photography, and all-day battery life — all in a sleek, durable design with 5G speed.","The iPhone 14 brings improved camera performance, dependable power, and essential safety features like Crash Detection and Emergency SOS via satellite. Its 6.1” Super Retina XDR display delivers sharp visuals, while the A15 Bionic chip (with 5-core GPU) ensures fast, fluid usage for apps, gaming, and multitasking. The new Photonic Engine enhances low-light photography, and the battery easily powers through the day. With 5G connectivity and iOS enhancements, the iPhone 14 keeps you connected, protected, and in control.
","APP-PRO-373751HUN","560000","660000","100000","5","0","1","10","5","2","1","true","true","false","false","false","[""IPHONE 14 || GRADE A || 128GB || 560,000"",""IPHONE 14 || BOXED || 128GB || 660,000"",""IPHONEIPHONE 14 || GRADE A || 256GB || 595,000"",""Dual-camera system 12MP (main + ultra-wide) with Photonic Engine for better low-light shots"",""6.1” Super Retina XDR display"",""Bionic chip with 5-core GPU"",""Emergency SOS via satellite & Crash Detection"",""Battery: Up to 20 hours video playback""]","[{""name"":""Storage Options"",""value"":""128GB / 256GB / 512GB""}]","e26973b8-b931-4be7-b4dc-1b1f2ab5e42c","454d9b89-9ae9-4694-8f78-8ed73ff8659f","[]","[""Red"",""Purple"",""Blue""]","[""128GB"",""256GB""]","[""IPHONE 14""]","[]","[]","[]","[]","[]","2025-10-10T05:32:56Z","2026-01-15T12:24:33Z"
"dccdc276-0028-4d97-8613-2e70a8fe9af9","iphone-14-plus","IPHONE 14 PLUS","iPhone 14 Plus brings you a larger display, bigger battery, and improved low-light photography — all powered by the ultra-fast A15 Bionic chip.","iPhone 14 Plus brings you a larger display, bigger battery, and improved low-light photography — all powered by the ultra-fast A15 Bionic chip.","The iPhone 14 Plus offers the best of both worlds: a stunning 6.7-inch Super Retina XDR display and incredible battery life in a sleek, lightweight design. Powered by the A15 Bionic chip with a 5-core GPU, it delivers smooth performance for gaming, apps, and multitasking. The dual-camera system features Apple’s new Photonic Engine for sharper, brighter photos — even in low light. Safety is also upgraded with Crash Detection and Emergency SOS via satellite. Whether you're streaming, shooting, or socializing, the iPhone 14 Plus goes the distance.","APP-PRO-237040CFE","635000","690000","55000","5","0","1","10","5","2","1","true","true","false","false","false","[""IPHONE 14 PLUS || GRADE A || 128GB || 635,000"",""IPHONE 14 PLUS || GRADE A || 256GB || 670,000"",""IPHONE 14 PLUS || GRADE A || 512GB || 700,000"",""Large 6.7” Super Retina XDR OLED display"",""Dual 12MP rear, 12MP front with autofocus camera system with Night mode and Photonic Engine"",""All-day battery life — one of the best in an iPhone"",""Emergency SOS via satellite & Crash Detection""]","[{""name"":""Storage Options"",""value"":""128GB / 256GB / 512GB""},{""name"":""Chip"",""value"":""A15 Bionic with 5-core GPU""}]","e26973b8-b931-4be7-b4dc-1b1f2ab5e42c","454d9b89-9ae9-4694-8f78-8ed73ff8659f","[]","[""Red"",""Blue"",""Purple""]","[""128GB"",""256GB"",""512GB""]","[""IPHONE 14 PLUS""]","[]","[]","[]","[]","[]","2025-10-11T18:44:01Z","2026-01-15T16:13:41Z"
"04e30ce2-029f-4881-8340-b576ef8787c0","iphone-14-pro","IPHONE 14 PRO","iPhone 14 Pro introduces the Dynamic Island, a powerful A16 Bionic chip, and a 48MP main camera — built for performance, creativity, and all-day power.","iPhone 14 Pro introduces the Dynamic Island, a powerful A16 Bionic chip, and a 48MP main camera — built for performance, creativity, and all-day power.","The iPhone 14 Pro is a breakthrough in design and capability. Featuring Apple’s new Dynamic Island, it seamlessly blends alerts and live activities into one interactive space. The 6.1” Super Retina XDR display with ProMotion 120Hz ensures smooth scrolling and vivid visuals. Powered by the A16 Bionic chip, it delivers extreme performance and efficiency. The new 48MP main camera captures incredibly detailed shots, while Cinematic Mode now shoots in 4K HDR. With Crash Detection, Emergency SOS via satellite, and a stylish stainless-steel frame, the iPhone 14 Pro is made for power users and pros.","APP-PRO-850447965","780000","890000","110000","5","0","1","10","5","2","12","true","true","false","false","false","[""IPHONE 14 PRO || GRADE A || 128GB || 780,000"",""IPHONE 14 PRO ||GRADE A|| 256GB || 855,000"",""IPHONE 14 PRO || GRADE A || 512GB || 925,000"",""IPHONE 14 PRO ||GRADE A|| 1TB || 960,000"",""Dynamic Island – a new way to interact with iPhone"",""48MP main camera with ProRAW and low-light mastery"",""Always-On 6.1” ProMotion display"",""A16 Bionic chip – Apple’s fastest chip ever"",""Battery Life: Up to 23 hours video playback""]","[{""name"":""Storage"",""value"":""128GB / 256GB / 512GB / 1TB""},{""name"":""Display"",""value"":""6.1\"" OED, 120Hz, Always-On""}]","e26973b8-b931-4be7-b4dc-1b1f2ab5e42c","454d9b89-9ae9-4694-8f78-8ed73ff8659f","[]","[""Silver"",""Gold"",""Purple"",""Black""]","[""128GB""]","[""IPHONE 14 PRO""]","[]","[]","[]","[]","[]","2025-10-11T22:14:13Z","2026-01-06T14:12:56Z"
"2807e793-5560-476f-b495-3a2ea58820c4","iphone-14-pro-max","IPHONE 14 PRO MAX","iPhone 14 Pro Max offers Apple’s best: a massive display, Dynamic Island, powerful 48MP camera, and all-day battery — all powered by the A16 Bionic chip.","iPhone 14 Pro Max offers Apple’s best: a massive display, Dynamic Island, powerful 48MP camera, and all-day battery — all powered by the A16 Bionic chip.","The iPhone 14 Pro Max delivers Apple’s most advanced features in a bold 6.7-inch design. Introducing Dynamic Island, a new way to receive real-time alerts and activities. The Super Retina XDR display with ProMotion 120Hz is now Always-On, blending performance and elegance. Capture crystal-clear shots with the new 48MP main camera, enhanced Night mode, and 4K Cinematic video. Powered by the A16 Bionic chip, it handles everything from photography to heavy multitasking with ease. Built with stainless steel, Crash Detection, and satellite SOS, this is power and safety in one device.","APP-PRO-604669X6Q","900000","1050000","150000","5","0","1","10","5","2","12","true","true","false","false","false","[""IPHONE 14 PRO MAX || GRADE A || 128GB || 900,000"",""IPHONE 14 PRO MAX ||GRADE A|| 256GB || 960,000"",""IPHONE 14 PRO MAX || GRADE A || 512GB || 1,020,000"",""IPHONE 14 PRO MAX || GRADE A || 1TB || 1,500,000"",""Dynamic Island + Always-On 6.7” ProMotion Display"",""48MP triple-camera system with ProRAW and Night mode"",""A16 Bionic chip for next-level speed and efficiency"",""Emergency SOS via satellite & Crash Detection"",""Battery Life- Up to 29 hours video playback""]","[{""name"":""Display"",""value"":""6.7\"" OLED, 2796 x 1290, 120Hz""},{""name"":""Storage"",""value"":""128GB / 256GB / 512GB / 1TB""}]","e26973b8-b931-4be7-b4dc-1b1f2ab5e42c","454d9b89-9ae9-4694-8f78-8ed73ff8659f","[]","[""Black"",""Gold"",""Blue"",""Silver""]","[""128GB"",""256GB"",""512GB"",""1TB""]","[""IPHONE 14 PRO MAX""]","[]","[]","[]","[]","[]","2025-10-11T22:26:47Z","2026-01-15T16:15:56Z"
"0441aee7-0faa-410a-aae4-e76aacadc91e","iphone-15-","IPHONE 15","iPhone 15 brings elegance and power together with a new design, Dynamic Island, improved camera system, and USB-C charging — all powered by the A16 Bionic chip.","iPhone 15 brings elegance and power together with a new design, Dynamic Island, improved camera system, and USB-C charging — all powered by the A16 Bionic chip.","The iPhone 15 introduces a refreshed design with a color-infused glass back, Dynamic Island, and USB-C for universal connectivity. The 6.1” Super Retina XDR display delivers vibrant visuals, while the A16 Bionic chip ensures fast, efficient performance for everything from gaming to multitasking. Capture stunning shots with the new 48MP main camera, including sharp portraits and 2x telephoto zoom. With Crash Detection, longer battery life, and 5G connectivity, iPhone 15 is the perfect mix of innovation and everyday reliability.","APP-PRO-191477PH9-","800000","960000","160000","5","0","1","10","5","2","12","true","true","false","false","false","[""GRADE A || 128GB || 800,000"",""GRADE A || 256GB || 850,000"",""6.1\"" Super Retina XDR OLED Display"",""Dynamic Island for live updates and multitasking"",""48MP main camera with 2x optical-quality zoom"",""A16 Bionic chip for fast and efficient performance"",""USB-C charging and upgraded battery life""]","[{""name"":""Storage"",""value"":""128GB / 256GB / 512GB""},{""name"":""Chip"",""value"":""A16 Bionic with 5-core GPU""}]","e26973b8-b931-4be7-b4dc-1b1f2ab5e42c","454d9b89-9ae9-4694-8f78-8ed73ff8659f","[""https://cdn.sanity.io/images/6cn2ufbi/prod_main/86691fa49e99797ad0c716fc623987bc2c5aa424-474x453.webp""]","[""Pink"",""Green"",""Black"",""Blue""]","[]","[""Iphone 15""]","[]","[]","[]","[]","[]","2025-10-27T13:03:15Z","2026-01-15T17:52:50Z"
"1f999c52-fe7d-4cf8-bf77-91141fb37ab9","iphone-15-pro","IPHONE 15 pro","iPhone 15 Pro is built with aerospace-grade titanium, powered by the A17 Pro chip, and packed with pro-level camera and gaming performance — all in a lightweight design.","iPhone 15 Pro is built with aerospace-grade titanium, powered by the A17 Pro chip, and packed with pro-level camera and gaming performance — all in a lightweight design.","The iPhone 15 Pro is a game-changer in both power and design. Crafted from aerospace-grade titanium, it’s lighter yet more durable than ever. The new A17 Pro chip delivers console-level graphics, making it perfect for gaming, creativity, and multitasking. Its 6.1” Super Retina XDR display with ProMotion and Always-On keeps visuals sharp and fluid. The advanced 48MP main camera enables next-gen photography with ProRAW, Night mode, and 3x telephoto zoom. Now with USB-C, Wi-Fi 6E, and customizable Action Button, the iPhone 15 Pro is built for pros.","APP-PRO-359741ZJJ","1000000","1200000","200000","5","0","1","10","5","2","1","true","true","false","false","false","[""GRADE A || 128GB || 1,000,000"",""GRADE A || 256GB || 1,090,000"",""GRADE A || 512GB || 1,140,000"",""GRADE A || 1TB || 1,210,000"",""Lightweight titanium design with Action Button"",""Colors: Natural Titanium / Blue Titanium / White Titanium / Black Titanium"",""A17 Pro chip for next-gen performance and gaming"",""48MP pro camera system with 3x telephoto"",""USB-C charging & ultra-fast data transfer""]","[{""name"":""Display"",""value"":""6.1” Super Retina XDR, ProMotion, Always-On""}]","e26973b8-b931-4be7-b4dc-1b1f2ab5e42c","454d9b89-9ae9-4694-8f78-8ed73ff8659f","[]","[""White"",""Blue"",""Black""]","[""128GB"",""256GB"",""512GB""]","[""IPHONE 15 PRO""]","[]","[]","[]","[]","[]","2025-10-27T13:56:03Z","2026-01-15T16:22:38Z"
"5b92e225-c7d3-42d6-9adb-79316fce3c48","iphone-15-plus-p","IPHONE 15 PLUS","iPhone 15 Plus delivers a larger display, longer battery life, Dynamic Island, and a powerful 48MP camera — all powered by the A16 Bionic chip.","iPhone 15 Plus delivers a larger display, longer battery life, Dynamic Island, and a powerful 48MP camera — all powered by the A16 Bionic chip.","The iPhone 15 Plus offers everything you love about iPhone — with more screen and more power. Featuring a 6.7-inch Super Retina XDR display, it’s perfect for streaming, gaming, and productivity. The new Dynamic Island brings real-time alerts and Live Activities front and center. With the A16 Bionic chip, performance is seamless, and the upgraded 48MP main camera captures incredible detail in every shot. It also includes USB-C charging, Crash Detection, and all-day battery life — all wrapped in a stunning color-infused glass design","APP-PRO-7812304XYZ","850000","1250000","400000","5","0","1","10","5","2","1","true","true","false","false","false","[""GRADE A || 128GB || 850,000"",""GRADE A || 256GB || 950,000"",""Super Retina XDR display with Dynamic Island"",""48MP main camera with 2x telephoto zoom"",""A16 Bionic chip for smooth, fast performance"",""USB-C charging and extended battery life""]","[{""name"":""Display"",""value"":""6.7\"" OLED, HDR, True Tone""}]","e26973b8-b931-4be7-b4dc-1b1f2ab5e42c","454d9b89-9ae9-4694-8f78-8ed73ff8659f","[]","[""Green"",""Black"",""Blue"",""Pink""]","[]","[]","[]","[]","[]","[]","[]","2025-10-27T14:19:44Z","2026-01-15T12:24:03Z"
"d8d3027c-e904-4ac5-aa19-24416494edfb","iphone-15-pro-max","IPHONE 15 PRO MAX","iPhone 15 Pro Max redefines power with a titanium build, 5x telephoto zoom, A17 Pro chip, and next-gen USB-C — Apple’s most advanced iPhone ever","iPhone 15 Pro Max redefines power with a titanium build, 5x telephoto zoom, A17 Pro chip, and next-gen USB-C — Apple’s most advanced iPhone ever","The iPhone 15 Pro Max is Apple’s most premium, powerful smartphone to date. Crafted from aerospace-grade titanium, it’s incredibly strong yet noticeably lighter. The new A17 Pro chip delivers lightning-fast performance and console-level graphics for immersive gaming. Enjoy vibrant visuals on the 6.7-inch Super Retina XDR display with ProMotion and Always-On technology. The 48MP main camera system now includes an exclusive 5x telephoto zoom, giving photographers and creators more range than ever. With USB-C support, faster data transfer, and a customizable Action Button, the iPhone 15 Pro Max is built for pros who demand the best.
","APP-PRO-541957ZVB","1220000","1650000","430000","5","0","1","10","5","2","1","true","true","false","false","false","[""Grade A || 256gb || 1,220,000"",""Grade A || 512GB || 1,340,000"",""Grade A || 1TB || 1,450,000"",""ProMotion Always-On display with Dynamic Island"",""48MP Pro camera system with 5x optical telephoto zoom"",""A17 Pro chip for unmatched speed and gaming performance"",""USB-C with 10Gbps transfer + titanium frame with Action Button"",""Colors >> - Natural Titanium - Blue Titanium - White Titanium - Black Titanium"",""Up to 29 hours Battery Life video playback""]","[{""name"":""Storage Options"",""value"":""256GB / 512GB / 1TB""}]","e26973b8-b931-4be7-b4dc-1b1f2ab5e42c","454d9b89-9ae9-4694-8f78-8ed73ff8659f","[]","[""Gold""]","[""256GB"",""512GB"",""1TB""]","[""IPHONE 15 PRO MAX""]","[]","[]","[]","[]","[]","2025-10-29T02:05:45Z","2026-01-15T16:48:32Z"
"e0086e06-918a-412b-b3de-f1836e452a9e","iphone-16","IPHONE 16","The iPhone 16 brings upgraded speed, smarter photography, USB‑C charging, and Apple Intelligence — all in a sleek package built for tomorrow.","The iPhone 16 brings upgraded speed, smarter photography, USB‑C charging, and Apple Intelligence — all in a sleek package built for tomorrow.","Meet the Apple iPhone 16, a next‑generation smartphone designed to elevate your everyday experience. Powered by the A18 chip, it is optimized for Apple Intelligence and delivers fluid performance across apps, multitasking, and AI‑driven features. The 6.1‑inch Super Retina XDR OLED display offers brilliant color and clarity, while the robust 48MP + 12MP dual camera system captures detailed images even in challenging lighting. With enhanced battery life (up to 22 hours video playback), USB‑C fast charging, Crash Detection, Emergency SOS via satellite, and support for iOS 18, the iPhone 16 is built for both style and substance. 
","APP-PRO-6246751GU","960000","1250000","290000","5","0","1","10","5","2","1","true","true","false","false","false","[""Grade A || 128GB || 960,000"",""Grade A || 128GB || 980,000 PINK"",""physical & Esim || Brand New || 128GB || 1,150,000"",""Grade A || 256GB || 1,040,000"",""physical & Esim || Brand New || 256GB || 1,290,000"",""Grade A || 512GB || 1,190,000"",""physical & Esim || Brand New || 512GB || 1,660,000"",""A18 chip with Apple Intelligence support — for smarter, faster performance"",""48MP main camera + 12MP ultra-wide with enhanced Photonic Engine"",""USB‑C charging & fast charging — up to 50% in ~30 minutes"",""Safety & connectivity — Crash Detection, Emergency SOS via satellite, IP68 water/dust resistance"",""Colors - Black / White / Pink / Teal / Ultramarine"",""Battery / Charging: Up to 22 hours video playback; fast charge via USB‑C (50% in ~30 mins)""]","[{""name"":""Processor"",""value"":""Apple A18 (3nm), with improved Neural Engine""}]","e26973b8-b931-4be7-b4dc-1b1f2ab5e42c","454d9b89-9ae9-4694-8f78-8ed73ff8659f","[]","[""Pink"",""White"",""Black""]","[""128GB"",""256GB"",""512GB""]","[""IPHONE 16""]","[]","[]","[]","[]","[]","2025-10-29T02:23:46Z","2026-01-19T01:48:27Z"
"8ada2f0e-084d-4839-8d5a-317bbdabfe5b","iphone-16-plus","IPHONE 16 PLUS","iPhone 16 Plus offers a big, immersive display, all-day battery, and Apple Intelligence — perfect for power users who love size and speed.","iPhone 16 Plus offers a big, immersive display, all-day battery, and Apple Intelligence — perfect for power users who love size and speed.","The iPhone 16 Plus combines a spacious 6.7-inch Super Retina XDR display with the power of the A18 chip, delivering a smooth and smart experience. Designed for those who want more screen and battery life, it features Dynamic Island, a 48MP dual-camera system, and new AI-driven tools powered by Apple Intelligence. With USB‑C fast charging, longer battery life, and a fresh color-infused design, the iPhone 16 Plus is the perfect choice for streaming, multitasking, and everyday performance","APP-PRO-2633980UI","1190000","1290000","100000","5","0","1","10","5","2","1","true","true","false","false","false","[""Grade A ||128GB || 1,190,000"",""Physical Sim & Esim || Brand New || 128GB ||1,200,000"",""Grade A  || 256GB ||1,390,000"",""Physical Sim & Esim || Brand New || 256GB ||1,570,000"",""Physical Sim & Esim || Brand New || 512GB ||1,800,000"",""6.7” Super Retina XDR display with Dynamic Island"",""A18 chip with Apple Intelligence for smooth, responsive performance"",""48MP main camera with 2x optical-quality zoom"",""Battery Life: Up to 26 hours video playback All-day battery life with USB‑C fast charging"",""Colors - Midnight - Starlight - Blue - Pink - Mint Green""]","[{""name"":""Processor"",""value"":""A18 chip (Neural Engine for AI tasks""}]","e26973b8-b931-4be7-b4dc-1b1f2ab5e42c","454d9b89-9ae9-4694-8f78-8ed73ff8659f","[]","[""Pink"",""Black"",""Blue""]","[""128GB"",""256GB""]","[""IPHONE 16 PLUS""]","[]","[]","[]","[]","[]","2025-10-29T03:07:45Z","2026-01-19T01:57:27Z"
"34e1f8a4-6a81-487a-a705-19be92358e45","iphone-16-pro","IPHONE 16 PRO","iPhone 16 Pro delivers elite performance, powerful AI features, and a stunning titanium design — built for creators, gamers, and pros.","iPhone 16 Pro delivers elite performance, powerful AI features, and a stunning titanium design — built for creators, gamers, and pros.","Experience next-level innovation with the iPhone 16 Pro — powered by the all-new A18 Pro chip and optimized for Apple Intelligence. Its sleek, lightweight titanium body houses a stunning 6.1"" Super Retina XDR display with ProMotion 120Hz, giving you unmatched visual fluidity. The upgraded 48MP triple-camera system includes an improved telephoto lens and next-gen Night mode for incredible detail in any light. With USB-C fast charging, Wi‑Fi 6E, Action Button, and new AI-powered features in iOS 18, the iPhone 16 Pro is engineered for power, style, and intelligence.","APP-PRO-727744OJS","1240000","1500000","260000","5","0","1","10","5","2","1","true","true","false","false","false","[""Grade A ||128GB ||1,240,000"",""Physical Sim & Esim || Brand New || 128GB ||1,690,000"",""Grade A || 256GB ||1,340,000"",""Physical Sim & Esim || Brand New || 256GB ||1,800,000"",""Grade A || 512GB ||1,450,000"",""Grade A ||1TB ||1,600,000"",""Physical Sim & Esim || Brand New || 1TB || 2,450,000"",""A18 Pro chip with Neural Engine for AI and pro-level performance"",""48MP Pro camera system with improved low-light + 5x telephoto zoom"",""ProMotion 6.1” OLED display (Always-On & Dynamic Island)"",""USB‑C charging, titanium design & customizable Action Button"",""Colors - Space Black - Silver - White Titanium - Deep Blue Titanium""]","[{""name"":""Storage Options"",""value"":""128GB / 256GB / 512GB / 1TB""}]","e26973b8-b931-4be7-b4dc-1b1f2ab5e42c","454d9b89-9ae9-4694-8f78-8ed73ff8659f","[]","[""Silver""]","[""128GB"",""256GB"",""512GB"",""1TB""]","[""IPHONE 16 PRO""]","[]","[]","[]","[]","[]","2025-10-29T03:32:09Z","2026-01-19T02:09:48Z"
"e3b5d598-1e5b-47b2-8672-c1b7cab516c7","iphone-16-pro-max","IPHONE 16 PRO MAX","The iPhone 16 Pro Max is Apple’s most powerful and intelligent iPhone yet — featuring pro-grade cameras, a massive display, and the blazing-fast A18 Pro chip.","The iPhone 16 Pro Max is Apple’s most powerful and intelligent iPhone yet — featuring pro-grade cameras, a massive display, and the blazing-fast A18 Pro chip.","The iPhone 16 Pro Max delivers the ultimate iPhone experience — combining premium titanium design, a massive 6.9” Super Retina XDR display, and Apple’s most powerful A18 Pro chip with next-gen Neural Engine. Whether you're a creator, gamer, or business user, this device gives you unmatched speed, battery life, and AI capabilities. The triple 48MP camera system with 5x telephoto zoom and enhanced Night mode redefines mobile photography. Built with USB‑C, ultra-fast data transfer, and advanced iOS 18 features powered by Apple Intelligence, it’s the future in your hands.
","APP-PRO-111265XBM","1640000","1700000","60000","5","0","1","10","5","2","1","true","true","false","false","false","[""Physical & Esim || Brand New || 256GB|| 1,900,000"",""Grade A || 512GB|| 1,640,000"",""Physical & Esim || Brand New || 512GB|| 2,200,000"",""Grade A || 1TB|| 1,800,000"",""Physical & Esim || Brand New || 1TB|| 2,550,000"",""6.9” ProMotion OLED display with Always-On and Dynamic Island"",""48MP triple-lens camera with 5x optical telephoto zoom"",""Aerospace-grade titanium build with USB‑C and Action Button"",""Colors - Natural Titanium - Black Titanium - White Titanium - Deep Blue Titanium""]","[{""name"":""Storage Options"",""value"":""256GB / 512GB / 1TB""}]","e26973b8-b931-4be7-b4dc-1b1f2ab5e42c","454d9b89-9ae9-4694-8f78-8ed73ff8659f","[]","[""Black""]","[""512GB"",""1TB""]","[""IPHONE 16 PRO MAX""]","[]","[]","[]","[]","[]","2025-10-29T04:11:53Z","2026-01-19T02:19:17Z"
"8d183aee-8462-4342-9d43-2eef86ece4c3","iphone-17","IPHONE 17","iPhone 17 brings next-gen design, AI-enhanced performance, and advanced camera upgrades — crafted for the future of mobile technology","iPhone 17 brings next-gen design, AI-enhanced performance, and advanced camera upgrades — crafted for the future of mobile technology","The iPhone 17 is Apple’s boldest leap forward, introducing a refined, ultra-slim design, a brighter Super Retina XDR display, and powerful AI features backed by the A19 chip. With deeper integration of Apple Intelligence, smarter on-device processing, and enhanced privacy, this iPhone redefines personal mobile experiences. Its 48MP dual-camera system takes stunning day and night shots, while improved battery efficiency keeps you powered all day. Designed with sustainable materials and finished with a clean matte glass back, the iPhone 17 delivers beauty, brains, and breakthrough tech","APP-PRO-632679DTJ","1350000","1500000","150000","5","0","1","10","5","2","12","true","true","false","false","false","[""Slim redesign with edge-to-edge Super Retina XDR OLED"",""A19 chip optimized for Apple Intelligence and AI tools"",""Dual 48MP cameras with advanced computational photography"",""USB‑C fast charging with extended all-day battery"",""Battery Life: Up to 24 hours video playback""]","[{""name"":""Processor"",""value"":""A19 chip with next-gen Neural Engine""}]","e26973b8-b931-4be7-b4dc-1b1f2ab5e42c","454d9b89-9ae9-4694-8f78-8ed73ff8659f","[""https://cdn.sanity.io/images/6cn2ufbi/prod_main/af6035be13f567d8ff1a023238169d2af924a155-1218x1600.jpg"",""https://cdn.sanity.io/images/6cn2ufbi/prod_main/92d31904ea45e07ffed16cfda8c9073560163064-474x355.webp""]","[""Silver""]","[""256GB"",""512GB""]","[""IPHONE 17""]","[]","[]","[]","[]","[]","2025-10-29T04:20:34Z","2026-01-15T14:02:39Z"
"c55c9b68-2b44-4b5c-9b7a-602aeedf29b2","iphone-17-air","IPHONE 17 AIR","The iPhone 17 Air is ultra-light, ultra-fast, and beautifully minimalist — blending performance with portability like never before.","The iPhone 17 Air is ultra-light, ultra-fast, and beautifully minimalist — blending performance with portability like never before.","Designed for users who want premium performance in a slim, featherweight frame, the iPhone 17 Air is Apple’s lightest full-sized iPhone ever. Featuring a 6.1” Super Retina XDR OLED display, powered by the latest A19 chip and deeply integrated Apple Intelligence, it delivers seamless multitasking, smooth animations, and powerful on-device AI tools. The dual 48MP camera system ensures professional-level photos, while the slim battery architecture keeps you going all day with USB-C fast charging. Wrapped in a sleek matte aluminum body, the iPhone 17 Air is power without the weight.","APP-PRO-213915AEQ","1300000","1600000","300000","5","0","1","10","5","2","12","true","true","false","false","false","[""ESIM || 256GB || 1,300,000"",""ESIM ||512GB || 1,600,000"",""Ultra-thin, ultra-light design for all-day comfort"",""48MP dual-camera system with Smart HDR & Deep Fusion"",""A19 chip + Apple Intelligence for advanced AI use"",""Super Retina XDR display with True Tone and Haptic Touch"",""Battery: Up to 22 hours video playback, USB‑C fast charge"",""Colors - Frost Silver   - Soft Blue   - Matte Black   - Light Rose   - Air White""]","[{""name"":""Display"",""value"":""6.1\"" OLED, HDR10, 2000 nits peak brightness""}]","e26973b8-b931-4be7-b4dc-1b1f2ab5e42c","454d9b89-9ae9-4694-8f78-8ed73ff8659f","[""https://cdn.sanity.io/images/6cn2ufbi/prod_main/f8d13e322b422b57ea4bcd13fa2a76a60a5222cf-727x629.jpg"",""https://cdn.sanity.io/images/6cn2ufbi/prod_main/92d31904ea45e07ffed16cfda8c9073560163064-474x355.webp"",""https://cdn.sanity.io/images/6cn2ufbi/prod_main/92d6e2e64af8e0f62473d452f79c3fbef6fab276-474x320.webp"",""https://cdn.sanity.io/images/6cn2ufbi/prod_main/86691fa49e99797ad0c716fc623987bc2c5aa424-474x453.webp""]","[""Blue""]","[""256GB"",""512GB""]","[""IPHONE 17 AIR""]","[]","[]","[]","[]","[]","2025-10-29T04:30:15Z","2026-01-15T17:23:44Z"
"118c15e4-b23c-4cc8-b57d-796b58a03dee","iphone-17-pro","IPHONE 17 PRO","iPhone 17 Pro is a performance powerhouse with a stunning titanium build, next-gen AI, and the most advanced Pro camera system yet.","iPhone 17 Pro is a performance powerhouse with a stunning titanium build, next-gen AI, and the most advanced Pro camera system yet.","The iPhone 17 Pro delivers cutting-edge performance wrapped in a refined titanium design. Powered by the ultra-efficient A19 Pro chip and enhanced with Apple Intelligence, it offers smarter multitasking, real-time AI assistance, and seamless app performance. The 6.3-inch ProMotion display features an Always-On experience and vivid color accuracy, while the 48MP triple-camera system offers professional-level photography with improved low-light capture and 5x optical zoom. With USB‑C fast charging, advanced safety features, and iOS 19 integration, the iPhone 17 Pro is the tool of choice for creators and pros alike.
","APP-PRO-7256140V7","2050000","2200000","150000","5","0","1","10","5","2","12","true","true","false","false","false","[""IPHONE 17pro|| Sealed - 256gb || 2,050,000"",""IPHONE 17pro|| Sealed - 512gb|| 2,450,000"",""IPHONE 17pro|| Sealed - 1TB|| 2,860,000"",""A19 Pro chip with Neural Engine for pro-level AI tasks"",""6.3” Super Retina XDR OLED with ProMotion & Dynamic Island"",""Triple 48MP Pro camera system with 5x telephoto zoom"",""Titanium build with customizable Action Button"",""Battery Life: Up to 25 hours video playback, USB‑C fast charging"",""Colors - Space Black || White Titanium || Deep Blue || Graphite Gray""]","[{""name"":""Camera"",""value"":""48MP wide + 12MP ultra-wide + 12MP 5x telephoto""}]","e26973b8-b931-4be7-b4dc-1b1f2ab5e42c","454d9b89-9ae9-4694-8f78-8ed73ff8659f","[""https://cdn.sanity.io/images/6cn2ufbi/prod_main/cb6ca72a84c382c2f4fed06a5c0cc8f84af685ad-1048x771.jpg"",""https://cdn.sanity.io/images/6cn2ufbi/prod_main/92d31904ea45e07ffed16cfda8c9073560163064-474x355.webp""]","[""Black""]","[""256GB"",""512GB"",""1TB""]","[""IPHONE 17 pro""]","[]","[]","[]","[]","[]","2025-11-05T00:15:26Z","2026-01-15T17:22:41Z"
"1a6e2a31-3949-48fd-899d-735a39abd511","iphone-17-pro-max","IPHONE 17 PRO MAX","The iPhone 17 Pro Max is Apple’s most advanced iPhone ever — built for performance, power users, and cinematic photography.","The iPhone 17 Pro Max is Apple’s most advanced iPhone ever — built for performance, power users, and cinematic photography.","Meet the iPhone 17 Pro Max, Apple’s flagship device that sets a new standard in design, performance, and mobile innovation. Featuring a massive 6.9-inch ProMotion Super Retina XDR display, a precision-crafted titanium body, and the ultra-powerful A19 Pro chip, this phone is made for creators, professionals, and tech lovers alike. The all-new triple-lens Pro camera system with periscope zoom and AI-enhanced image processing delivers unmatched detail and clarity. Add in Apple Intelligence, a customizable Action Button, and ultra-fast USB-C 3.2 charging, and you get the most complete iPhone experience ever built.","APP-PRO-620614VTF","2250000","2500000","250000","5","0","1","10","5","2","12","true","true","false","false","false","[""IPHONE 17 Pro Max|| Sealed - 256gb || 2,250,000"",""IPHONE 17Pro Max|| Sealed - 512gb|| 2,400,000"",""IPHONE 17Pro Max|| Sealed - 1TB|| 3,100,000"",""IPHONE 17Pro Max|| Sealed - 2TB|| 3,800,000"",""6.9\"" OLED display with 120Hz ProMotion and Always-On"",""A19 Pro chip with next-gen Neural Engine for AI tasks"",""Triple 48MP Pro camera system with 6x periscope telephoto zoom"",""Aerospace-grade titanium design with Action Button"",""Battery: Up to 29 hours video playback, USB‑C (3.2) fast charge"",""Colors - Black Titanium || Natural Titanium || Silver Titanium || Deep Blue""]","[{""name"":""Display"",""value"":""6.9” Super Retina XDR OLED, HDR10, 120Hz refresh""}]","e26973b8-b931-4be7-b4dc-1b1f2ab5e42c","454d9b89-9ae9-4694-8f78-8ed73ff8659f","[""https://cdn.sanity.io/images/6cn2ufbi/prod_main/d5685851a57fb03e124acc4dd29592a132a48dbe-1230x1600.jpg""]","[""Blue""]","[""256GB"",""512GB"",""1TB"",""2TB""]","[""IPHONE 17 Pro Max""]","[]","[]","[]","[]","[]","2025-11-05T02:27:02Z","2025-11-05T02:27:02Z"
"dd263f64-a6cc-4980-bc44-c6570b76d8ca","series4-44mm","Series4 44mm ","Stay connected, active, and heart-healthy with the Apple Watch Series 4 (44mm) — a sleek smartwatch designed for fitness, productivity, and style.","Stay connected, active, and heart-healthy with the Apple Watch Series 4 (44mm) — a sleek smartwatch designed for fitness, productivity, and style.","The Apple Watch Series 4 (44mm) redefines personal health monitoring and smart connectivity. Featuring a larger display, ECG capability, fall detection, and advanced fitness tracking, this watch is your perfect everyday companion. Whether you're monitoring your heart, taking calls on the go, or staying on top of your fitness goals, the Series 4 keeps you one step ahead in a stylish, lightweight design.
","APP-PRO-293167RLC","200000","230000","30000","5","0","1","10","5","2","12","true","true","false","false","false","[""Larger edge-to-edge Retina display for easy readability"",""ECG app for heart health monitoring"",""Fall detection with emergency SOS feature"",""Activity and workout tracking with personalized coaching"",""Water resistance up to 50 meters"",""Colors - Space Gray   - Silver   - Gold   - Stainless Steel (Silver, Gold, Space Black)""]","[{""name"":""44mm case size"",""value"":""aluminum/stainless steel options""}]","161d593e-88f9-41e1-9a3d-954c4d30a9a9","454d9b89-9ae9-4694-8f78-8ed73ff8659f","[""https://cdn.sanity.io/images/6cn2ufbi/prod_main/4e30443c5b2ee23a44309a29b8613184a631d64d-4000x4000.jpg""]","[""Gray"",""Silver"",""Gold""]","[""64GB""]","[""Apple Watch Series 4 (44mm)""]","[]","[]","[]","[]","[]","2025-11-06T03:54:55Z","2025-11-06T03:54:55Z"
"be2c20b1-abf9-4f6c-a317-a8e10c95f8c0","series5-44mm","Series5 44mm","Always on, always ready — the Apple Watch Series 5 (44mm) keeps time and tracks your life with a brilliant display and powerful health features.","Always on, always ready — the Apple Watch Series 5 (44mm) keeps time and tracks your life with a brilliant display and powerful health features.","The Apple Watch Series 5 (44mm) introduces the always-on Retina display, so you never miss a moment. With enhanced health tools like ECG and heart-rate tracking, built-in compass, and international emergency calling, it’s designed for people who want both style and functionality on their wrist. Stay productive, active, and connected without pulling out your phone.","APP-PRO-512710770","210000","240000","30000","5","0","1","10","5","2","12","true","true","false","false","false","[""Always-On Retina Display for quick glances"",""ECG app and advanced heart monitoring"",""Built-in compass and elevation tracking"",""International emergency calling + fall detection"",""18-hour battery life"",""Colors - Space Gray   - Silver   - Gold   - Titanium   - Stainless Steel (Silver, Gold, Space Black)""]","[{""name"":""44mm case"",""value"":""aluminum/stainless steel finishes""}]","161d593e-88f9-41e1-9a3d-954c4d30a9a9","454d9b89-9ae9-4694-8f78-8ed73ff8659f","[""https://cdn.sanity.io/images/6cn2ufbi/prod_main/8dc8d47b674be5720a3192afbcdd4b0610092d22-4000x4000.jpg""]","[""Gold"",""Silver""]","[""64GB""]","[""Apple Watch Series 5 (44mm)""]","[]","[]","[]","[]","[]","2025-11-06T04:15:14Z","2025-11-06T04:15:14Z"
"685f8a51-0f35-4b37-87ff-58a0fc23f47f","series6-44mm","Series6 44mm","Track your health with precision and style — the Apple Watch Series 6 (44mm) offers blood oxygen monitoring, ECG, and vibrant display performance.","Track your health with precision and style — the Apple Watch Series 6 (44mm) offers blood oxygen monitoring, ECG, and vibrant display performance.","The Apple Watch Series 6 (44mm) takes wellness and connectivity to the next level. With a powerful S6 chip, an Always-On Retina Display that’s 2.5x brighter outdoors, and groundbreaking Blood Oxygen and ECG sensors, this watch is built for people who prioritize health, performance, and seamless integration with the Apple ecosystem. It’s your personal health assistant, fitness tracker, and communication tool — all on your wrist.
","APP-PRO-2412104EO","215000","260000","45000","5","0","1","10","5","2","12","true","true","false","false","false","[""Blood Oxygen app for advanced wellness tracking"",""ECG app for heart health monitoring"",""Blood Oxygen aph monitoring"",""Always-On Retina Display with enhanced brightness"",""S6 chip for faster performance and efficient battery use"",""Water resistant to 50 meters""]","[{""name"":""processor"",""value"":""S6 SiP with 64-bit dual-core""}]","161d593e-88f9-41e1-9a3d-954c4d30a9a9","454d9b89-9ae9-4694-8f78-8ed73ff8659f","[""https://cdn.sanity.io/images/6cn2ufbi/prod_main/16dbcd982ad23055bfd95d09bf9d37b105f70db2-4000x4000.jpg""]","[""Silver""]","[""64GB""]","[""Apple Watch Series 6 (44mm)""]","[]","[]","[]","[]","[]","2025-11-06T05:17:23Z","2025-11-06T05:17:23Z"
"ba48b82b-7761-413e-b005-7e64c11b2be8","series-7-45mm-","Series 7 45mm","Bigger, bolder, and tougher — the Apple Watch Series 7 (45mm) offers a larger display, faster charging, and advanced health features in a durable design.","Bigger, bolder, and tougher — the Apple Watch Series 7 (45mm) offers a larger display, faster charging, and advanced health features in a durable design.","The Apple Watch Series 7 (45mm) features Apple’s largest and most advanced display yet, with 20% more screen area and thinner borders for a more immersive experience. It’s built with a crack-resistant front crystal, IP6X dust resistance, and WR50 water resistance. Powered by the S7 chip, it includes all your favorite wellness tools like Blood Oxygen monitoring, ECG, and Sleep Tracking. With fast charging and compatibility with all your Apple devices, the Series 7 is your most capable companion yet","APP-PRO-447812XU","246000","280000","34000","5","0","1","10","5","2","12","true","true","false","false","false","[""45mm Always-On Retina Display with 20% more screen area"",""Blood Oxygen, ECG, and Sleep Tracking"",""Crack-resistant, dust- and water-resistant build"",""Fast charging with USB-C magnetic cable"",""Case size: 45mm (Aluminum, Stainless Steel, or Titanium)"",""Durability: WR50 water resistance, IP6X dust resistance"",""Colors - Midnight   - Starlight   - Green   - Blue   - (PRODUCT)RED   - Graphite Stainless Steel   - Silver, Gold (Stainless Steel)   - Natural & Space Black Titanium""]","[{""name"":""Sensor"",""value"":""Blood Oxygen, Electrical, Optical heart sensors""}]","161d593e-88f9-41e1-9a3d-954c4d30a9a9","454d9b89-9ae9-4694-8f78-8ed73ff8659f","[""https://cdn.sanity.io/images/6cn2ufbi/prod_main/a293bf6d15592b7bd437c789c8c3ff89ccce089a-4000x4000.jpg""]","[""Gold"",""Green"",""Silver"",""Blue"",""Red""]","[""64GB""]","[""Apple Watch Series 7 (45mm)""]","[]","[]","[]","[]","[]","2025-11-09T13:04:10Z","2025-11-12T22:03:52Z"
"f674982a-7193-407c-820a-d704492ec339","series-8-45mm","Series 8 45mm","The Apple Watch Series 8 (45mm) blends advanced health features, crash detection, and a sleek, durable design for everyday performance and safety","The Apple Watch Series 8 (45mm) blends advanced health features, crash detection, and a sleek, durable design for everyday performance and safety","The Apple Watch Series 8 (45mm) builds on Apple’s health-first innovation, offering a powerful combination of temperature sensing, cycle tracking, Crash Detection, and ECG — all displayed on a bright Always-On Retina display. Designed for durability with IP6X dust resistance and WR50 water resistance, it’s your ultimate health, fitness, and safety companion. With fast charging and seamless integration into the Apple ecosystem, it’s smart, stylish, and ready for anything.
","APP-PRO-9698100JU","300000","325000","25000","5","0","1","10","5","2","12","true","true","false","false","false","[""New temperature sensor for advanced women’s health tracking"",""Crash Detection for enhanced personal safety"",""Always-On Retina Display with edge-to-edge screen"",""ECG and Blood Oxygen apps for proactive wellness"",""Case size: 45mm (Aluminum or Stainless Steel)"",""Battery: Up to 18 hours, fast charging support"",""Colors - Midnight   - Starlight   - Silver   - (PRODUCT)RED   - Graphite Stainless Steel   - Silver, Gold (Stainless Steel)""]","[{""name"":""Processor"",""value"":""Processor: S8 SiP with 64-bit dual-core processor""}]","161d593e-88f9-41e1-9a3d-954c4d30a9a9","454d9b89-9ae9-4694-8f78-8ed73ff8659f","[""https://cdn.sanity.io/images/6cn2ufbi/prod_main/4b23df65734468bba03e2fb416983d18151f76c8-4000x4000.jpg""]","[""Red"",""Silver""]","[]","[""Apple Watch Series 8 (45mm)""]","[]","[]","[]","[]","[]","2025-11-09T13:29:33Z","2025-11-13T09:13:05Z"
"5d8dfa5a-a6bc-4127-b51b-0c9a86b362a1","series-9-45mm","Series 9 45mm","Larger display. Smarter chip. Bolder performance. The 45mm Apple Watch Series 9 is built to move with you—intelligently.","Larger display. Smarter chip. Bolder performance. The 45mm Apple Watch Series 9 is built to move with you—intelligently.","Experience performance and precision with the 45mm Apple Watch Series 9. Designed to deliver smarter health tracking, seamless connectivity, and powerful interaction, this model features the advanced S9 SiP chip, brighter display, and the intuitive Double Tap gesture. With enhanced Siri functionality and a bold 45mm screen, it’s built for those who want more screen space without compromising style or speed. From fitness to productivity, Series 9 keeps you ahead—always.","APP-PRO-6297423YE","430000","450000","20000","5","0","1","10","5","2","12","true","true","false","false","false","[""45mm Always-On Retina display (up to 2000 nits)"",""Double Tap gesture support"",""Advanced S9 chip with 4-core Neural Engine"",""Siri on-device with health data access"",""ECG, blood oxygen, heart rate monitoring"",""Sleep tracking & menstrual cycle tracking"",""Crash & Fall Detection"",""Sleep tracking & menstrualGPS + Cellular for calls/messages without iPhone"",""Water resistance up to 50m"",""18-hour battery life with fast charging"",""Available Colors:  - Midnight   - Starlight   - Silver   - Pink   - Product(RED)   - Graphite (Stainless Steel)   - Silver (Stainless Steel)   - Gold (Stainless Steel)""]","[{""name"":""Os"",""value"":""WatchOS 10""}]","161d593e-88f9-41e1-9a3d-954c4d30a9a9","454d9b89-9ae9-4694-8f78-8ed73ff8659f","[""https://cdn.sanity.io/images/6cn2ufbi/prod_main/dc3ca4df4d6719ee64d6e1cce42fba9632228737-348x260.jpg"",""https://cdn.sanity.io/images/6cn2ufbi/prod_main/9fc5d4892f187ae1bbd2734385065c0abacb5a77-348x260.jpg""]","[""Red"",""Gold"",""Pink""]","[""64GB""]","[""Apple Watch Series 9 – 45mm (GPS + Cellular)""]","[]","[]","[]","[]","[]","2025-11-19T07:50:31Z","2025-11-19T07:50:31Z"
"9a8fb878-d733-4e79-b3b0-c034e158c9ac","apple-airpods","Apple AirPods ","Next-level sound meets next-gen design. AirPods (3rd Gen) redefine wireless listening.","Next-level sound meets next-gen design. AirPods (3rd Gen) redefine wireless listening.","Apple AirPods (3rd Gen) deliver a rich, immersive sound experience with Spatial Audio, adaptive EQ, and dynamic head tracking. Designed with a contoured fit, sweat and water resistance, and longer battery life, they’re perfect for everyday use—from workouts to work calls. With seamless pairing and device switching across Apple devices, AirPods are the ultimate wireless audio companion.","APP-PRO-69748672Y","210000","250000","40000","5","0","1","10","5","2","1","true","true","false","false","false","[""Personalized Spatial Audio with dynamic head tracking"",""Adaptive EQ automatically tunes music to your ears"",""Force sensor for media control and calls"",""Sweat and water resistant (IPX4)"",""Up to 6 hours of listening time (30 hours with MagSafe case)"",""Quick pairing with Apple devices via H1 chip"",""“Find My” support for locating lost AirPods"",""Compatible with Siri voice commands""]","[{""name"":""Chip"",""value"":""Apple H1 headphone chip""}]","161d593e-88f9-41e1-9a3d-954c4d30a9a9","454d9b89-9ae9-4694-8f78-8ed73ff8659f","[""https://cdn.sanity.io/images/6cn2ufbi/prod_main/3d490c658b29214c80e0b7f01c9fda6e18d146cd-4000x4000.jpg""]","[""White""]","[""64GB""]","[""Apple AirPods (3rd Generation)""]","[]","[]","[]","[]","[]","2025-11-21T13:45:00Z","2025-11-21T13:45:00Z"
"44608a13-46af-4b14-977c-1934bb89acb5","apple-airpods-pro","Apple AirPods Pro","Adaptive sound. Incredible clarity. Total control — AirPods Pro 2 are the most advanced earbuds from Apple yet.","Adaptive sound. Incredible clarity. Total control — AirPods Pro 2 are the most advanced earbuds from Apple yet.","The AirPods Pro (2nd Gen) redefine premium wireless audio with next-level noise control, adaptive sound, and immersive Spatial Audio. Now with USB‑C charging and enhanced durability, they deliver a powerful, personalized listening experience. Whether you’re zoning out, working out, or tuning in, AirPods Pro are designed to adapt to your world.","APP-PRO-4610753OC","300000","360000","60000","5","0","1","10","5","2","1","true","true","false","false","false","[""Active Noise Cancellation (2× better than previous gen)"",""Adaptive Transparency mode"",""Personalized Spatial Audio with dynamic head tracking"",""H2 chip for improved sound quality & battery efficiency"",""Touch control for volume, calls & playback"",""Sweat and water resistant (IP54-rated: earbuds + case)"",""USB‑C Charging Case with Precision Finding (via U1 chip)"",""Up to 6 hours of listening (30 hours with case)"",""“Find My” support for both AirPods and case""]","[{""name"":""Chip"",""value"":""Apple H2 headphone chip (AirPods), U1 chip (case)""}]","161d593e-88f9-41e1-9a3d-954c4d30a9a9","454d9b89-9ae9-4694-8f78-8ed73ff8659f","[""https://cdn.sanity.io/images/6cn2ufbi/prod_main/0b8a28ee8fc9a8c564ca96de19ad836cbaeb7c7b-4000x4000.jpg"",""https://cdn.sanity.io/images/6cn2ufbi/prod_main/0b8a28ee8fc9a8c564ca96de19ad836cbaeb7c7b-4000x4000.jpg""]","[""White""]","[""64GB""]","[""Apple AirPods Pro (2nd Generation, USB‑C, 2023 Model)""]","[]","[]","[]","[]","[]","2025-11-21T13:57:44Z","2025-11-21T13:57:44Z"
"6af81dcf-dc8f-47c2-ba37-e33e461b3511","apple-airpods-pro","Apple AirPods Pro 2","Adaptive sound. Incredible clarity. Total control — AirPods Pro 2 are the most advanced earbuds from Apple yet.","Adaptive sound. Incredible clarity. Total control — AirPods Pro 2 are the most advanced earbuds from Apple yet.","The AirPods Pro (2nd Gen) redefine premium wireless audio with next-level noise control, adaptive sound, and immersive Spatial Audio. Now with USB‑C charging and enhanced durability, they deliver a powerful, personalized listening experience. Whether you’re zoning out, working out, or tuning in, AirPods Pro are designed to adapt to your world.","APP-PRO-494000YXE","300000","360000","60000","5","0","1","10","5","2","1","true","true","false","false","false","[""Active Noise Cancellation (2× better than previous gen)"",""Adaptive Transparency mode"",""Personalized Spatial Audio with dynamic head tracking"",""H2 chip for improved sound quality & battery efficiency"",""Touch control for volume, calls & playback"",""Sweat and water resistant (IP54-rated: earbuds + case)"",""USB‑C Charging Case with Precision Finding (via U1 chip)"",""Up to 6 hours of listening (30 hours with case)"",""“Find My” support for both AirPods and case""]","[{""name"":""Chip"",""value"":""Apple H2 headphone chip (AirPods), U1 chip (case)""}]","161d593e-88f9-41e1-9a3d-954c4d30a9a9","454d9b89-9ae9-4694-8f78-8ed73ff8659f","[""https://cdn.sanity.io/images/6cn2ufbi/prod_main/0b8a28ee8fc9a8c564ca96de19ad836cbaeb7c7b-4000x4000.jpg""]","[""White""]","[""64GB""]","[""Apple AirPods Pro (2nd Generation, USB‑C, 2023 Model)""]","[]","[]","[]","[]","[]","2025-11-21T13:58:17Z","2025-11-22T10:22:06Z"
"3a488b67-7bb0-4b6c-be9f-3366696dee3e","apple-airpods-max","Apple AirPods Max","Immersive sound. Iconic design. Total focus. AirPods Max deliver high-end audio without compromise.","Immersive sound. Iconic design. Total focus. AirPods Max deliver high-end audio without compromise.","Apple AirPods Max combine high-fidelity audio with industry-leading Active Noise Cancellation in a luxurious over-ear design. Crafted with precision aluminum ear cups, memory foam ear cushions, and a breathable knit mesh canopy, they deliver stunning sound with deep bass, accurate mids, and crisp highs. With the Apple-designed H1 chip in each ear cup, Adaptive EQ, Spatial Audio, and seamless integration with your Apple ecosystem, AirPods Max are the ultimate audio experience.","APP-PRO-056273XTR","350000","380000","30000","5","0","1","10","5","2","1","true","true","false","false","false","[""High-fidelity audio with custom 40mm dynamic driver"",""Active Noise Cancellation + Transparency Mode"",""Spatial Audio with dynamic head tracking"",""Adaptive EQ for personalized sound"",""Digital crown for precise volume & playback control"",""H1 chip in each ear cup for seamless device switching"",""20 hours of listening time with ANC/Spatial Audio"",""Smart Case puts AirPods Max into ultra-low power mode"",""Seamless pairing with iCloud-linked Apple devices"",""Available Colors:  - Space Gray   - Silver   - Sky Blue   - Pink   - Green""]","[{""name"":""Chip"",""value"":""Dual Apple H1 headphone chips""},{""name"":""Connectivity"",""value"":""Bluetooth 5.0""}]","161d593e-88f9-41e1-9a3d-954c4d30a9a9","454d9b89-9ae9-4694-8f78-8ed73ff8659f","[""https://cdn.sanity.io/images/6cn2ufbi/prod_main/d5515a595fa81fbb532d5d2933b2d2b5ad50ca5b-4000x4000.jpg"",""https://cdn.sanity.io/images/6cn2ufbi/prod_main/ceb3d3b77597c9f803047663d9fdc413eaf5fdae-4000x4000.jpg""]","[""Green"",""Pink"",""Silver"",""Blue"",""Gray""]","[""64GB""]","[""Apple AirPods Max""]","[]","[]","[]","[]","[]","2025-11-21T14:07:38Z","2025-11-21T14:07:38Z"
"022cf242-12b6-4f09-b922-ebcb891a3b13","apple-ipad-air","Apple iPad Air ","Light in hand. Heavy on performance. The first iPad Air redefined portability and power.","Light in hand. Heavy on performance. The first iPad Air redefined portability and power.","The iPad Air introduced a completely redesigned body — thinner, lighter, and more elegant — while maintaining the same powerful 9.7-inch Retina Display. Powered by the A7 chip with 64-bit architecture, it brought desktop-class performance to a portable form. With improved cameras, dual microphones, and better power efficiency, the iPad Air marked a major leap in form and function.
","APP-PRO-881352AOL","550000","580000","30000","5","0","1","10","5","2","1","true","true","false","false","false","[""9.7-inch Retina Display (2048 × 1536 resolution)"",""Apple A7 chip with 64-bit architecture + M7 motion coprocessor"",""5MP rear iSight camera (1080p video)"",""1.2MP FaceTime HD front camera"",""Dual microphones for better audio capture"",""Lightning connector"",""Up to 10 hours of battery life"",""Wi-Fi + optional LTE cellular"",""Operating System: iOS 7 (upgradable to iOS 12.5.7)"",""Storage Options:   - 16GB   - 32GB   - 64GB   - 128GB"",""RAM: 1GB""]","[{""name"":""Chip"",""value"":""Apple A7 with M7 coprocessor""}]","c06a17cd-6dc1-44d9-8970-62cf18b584cb","454d9b89-9ae9-4694-8f78-8ed73ff8659f","[""https://cdn.sanity.io/images/6cn2ufbi/prod_main/66308b85818aedc2445c1c2f3fc30a0163028078-4000x4000.jpg"",""https://cdn.sanity.io/images/6cn2ufbi/prod_main/1d30c49e3e50f7254de5a44007cf41e1cccb9fc9-4000x4000.jpg""]","[""Gray"",""Silver""]","[""64GB"",""128GB""]","[""Apple iPad Air (1st Generation)""]","[]","[]","[]","[]","[]","2025-11-21T14:38:05Z","2025-11-21T14:38:05Z"
"283f3874-718c-4880-b793-5cdbf11e23a3","apple-ipad-air-2","Apple iPad Air 2  ","Slimmer, smarter, and Touch ID-enabled — the iPad Air 2 was built for serious performance on the go.","Slimmer, smarter, and Touch ID-enabled — the iPad Air 2 was built for serious performance on the go.","

Thinner, faster, and more capable than its predecessor, the iPad Air 2 introduced a laminated Retina Display for better visuals and reduced glare. It was also the first iPad to feature the powerful A8X chip and Touch ID for fingerprint security. With impressive performance, improved cameras, and a slim 6.1mm design, it offered a near-pro tablet experience in a lightweight form.

","APP-PRO-440906837","700000","750000","50000","5","0","1","10","5","2","1","true","true","false","false","false","[""9.7-inch laminated Retina Display (2048 × 1536 resolution)"",""Anti-reflective coating"",""Apple A8X chip with M8 motion coprocessor"",""Touch ID fingerprint sensor"",""8MP rear iSight camera (1080p video)"",""1.2MP FaceTime HD front camera"",""iOS multitasking features (Split View, Slide Over)"",""Up to 10 hours of battery life"",""Storage Options: - 16GB - 32GB - 64GB - 128GB"",""RAM: 2GB"",""Available Colors: - Space Gray - Silver - Gold (first iPad Air to offer Gold)""]","[{""name"":""Chip"",""value"":""Apple A8X + M8 coprocessor""}]","c06a17cd-6dc1-44d9-8970-62cf18b584cb","454d9b89-9ae9-4694-8f78-8ed73ff8659f","[""https://cdn.sanity.io/images/6cn2ufbi/prod_main/5da55fc5a0156218d4e5e720aac0bd5653cc27a1-4000x4000.jpg"",""https://cdn.sanity.io/images/6cn2ufbi/prod_main/3f2323d6053a1cfe85db47aa39468b244806d6f0-4000x4000.jpg""]","[""Gray"",""Gold"",""Silver""]","[""64GB"",""128GB""]","[""Apple iPad Air 2 (2nd Generation)""]","[]","[]","[]","[]","[]","2025-11-26T23:07:26Z","2025-11-26T23:07:26Z"
"e9384edb-389b-4f81-bf80-b54a4cec03e3","apple-ipad-7th-generation","Apple iPad (7th Generation)","Bigger display. More power. Full support for Apple Pencil and Smart Keyboard — all at an affordable price.","Bigger display. More power. Full support for Apple Pencil and Smart Keyboard — all at an affordable price.","The iPad 7th Gen introduced a larger 10.2-inch Retina Display while maintaining affordability and reliability. It was the first standard iPad to support the *Smart Keyboard* and *Apple Pencil (1st Gen)*, making it more versatile for work and creativity. Designed for students, casual users, and everyday multitasking, it offered great value with iPadOS capabilities.","APP-PRO-273634V71","720000","750000","30000","5","0","1","10","5","2","1","true","true","false","false","false","[""10.2-inch Retina Display"",""Apple Pencil (1st Gen) support"",""Smart Keyboard compatibility"",""8MP rear camera + 1.2MP FaceTime HD camera"",""Touch ID & Home Button"",""iPadOS features (Split View, Slide Over, multitasking)"",""Up to 10 hours of battery life"",""RAM: 3GB"",""Storage Options:  - 32GB   - 128GB"",""Operating System: Shipped with iPadOS 13 (upgradable to iPadOS 17)""]","[{""name"":""Chip"",""value"":""Apple A10 Fusion""}]","c06a17cd-6dc1-44d9-8970-62cf18b584cb","454d9b89-9ae9-4694-8f78-8ed73ff8659f","[""https://cdn.sanity.io/images/6cn2ufbi/prod_main/b253eaaab8b1fff5209e35d0bd6da763384b2998-4000x4000.jpg"",""https://cdn.sanity.io/images/6cn2ufbi/prod_main/07e9d5815ead2226a366231797c567db4aa52fff-4000x4000.jpg""]","[""Gray"",""Silver"",""Gold""]","[""128GB""]","[""Apple iPad (7th Generation)""]","[]","[]","[]","[]","[]","2025-11-27T19:54:36Z","2025-11-27T19:54:36Z"
"435dc960-5626-4cbb-8cc7-cc9cd7b3f000","apple-ipad-8th-generation","Apple iPad (8th Generation)","Faster performance, same trusted design — the iPad 8th Gen is the ultimate value tablet.","Faster performance, same trusted design — the iPad 8th Gen is the ultimate value tablet.","The 8th Gen iPad delivered a performance boost with the A12 Bionic chip, bringing Neural Engine capabilities to the standard iPad lineup for the first time. It kept the same 10.2-inch Retina Display and design as the 7th Gen, but packed more power for multitasking, gaming, and learning. Still compatible with Apple Pencil (1st Gen) and Smart Keyboard, it became the perfect entry-level iPad for everyday users.","APP-PRO-0004178BA","750000","780000","30000","5","0","1","10","5","2","1","true","true","false","false","false","[""10.2-inch Retina Display"",""A12 Bionic chip with Neural Engine"",""Apple Pencil (1st Gen) + Smart Keyboard support"",""8MP rear camera & 1.2MP FaceTime HD front camera"",""Touch ID with Home Button"",""iPadOS features: multitasking, widgets, Scribble"",""Connectivity: Wi-Fi or Wi-Fi + LTE, Bluetooth 4.2"",""10-hour battery life"",""RAM: 3GB"",""Storage Options:   - 32GB   - 128GB""]","[{""name"":""Chip"",""value"":""Apple A12 Bionic with Neural Engine""}]","c06a17cd-6dc1-44d9-8970-62cf18b584cb","454d9b89-9ae9-4694-8f78-8ed73ff8659f","[""https://cdn.sanity.io/images/6cn2ufbi/prod_main/81513ee27be789b1c5c16e69002e7949b29bafee-4000x4000.jpg"",""https://cdn.sanity.io/images/6cn2ufbi/prod_main/b3b1ab63a581e3281176cdbbe7f2d3475d3ca0b7-4000x4000.jpg""]","[""Silver"",""Gold"",""Gray""]","[""128GB""]","[""Apple iPad (8th Generation)""]","[]","[]","[]","[]","[]","2025-11-27T20:06:43Z","2025-11-27T20:06:43Z"
"61007eef-be6d-4441-951b-a28cb28479f3","apple-ipad-9th-generation","Apple iPad (9th Generation)","Smarter, sharper, faster — the iPad 9th Gen is a perfect balance of power and practicality.","Smarter, sharper, faster — the iPad 9th Gen is a perfect balance of power and practicality.","The iPad 9th Gen retained the familiar design but brought powerful upgrades under the hood. With the A13 Bionic chip, True Tone display, and upgraded 12MP ultra-wide front camera with ""Center Stage"", it offered smarter video calls and stronger overall performance. Still compatible with Apple Pencil (1st Gen) and Smart Keyboard, this iPad delivered unbeatable value for students, creatives, and casual users.","APP-PRO-383965BR4","400000","450000","50000","5","0","1","10","5","2","1","true","true","false","false","false","[""iPad 9th Gen ||64gb|| cellular || 400,000"",""iPad 9th Gen ||256gb|| WiFi + cellular || 480,000"",""10.2-inch Retina Display with True Tone"",""A13 Bionic chip for faster performance   -"",""12MP Ultra-Wide front camera with Center Stage"",""8MP rear camera"",""Apple Pencil (1st Gen) + Smart Keyboard support"",""iPadOS multitasking features"",""Touch ID with Home Button"",""10-hour battery life"",""RAM:  3GB"",""Operating System: iPadOS 15 (upgradable to iPadOS 17)""]","[{""name"":""Chip"",""value"":""Apple A13 Bionic with Neural Engine""}]","c06a17cd-6dc1-44d9-8970-62cf18b584cb","454d9b89-9ae9-4694-8f78-8ed73ff8659f","[""https://cdn.sanity.io/images/6cn2ufbi/prod_main/b3d80bb271dc3a1a63bcbdf820d22adbda00f35e-4000x4000.jpg"",""https://cdn.sanity.io/images/6cn2ufbi/prod_main/28f5c32bef829c189f5230b1814b7ff8d2c99b47-4000x4000.jpg""]","[""Silver"",""Gray""]","[""64GB"",""256GB""]","[""Apple iPad (9th Generation)""]","[]","[]","[]","[]","[]","2025-11-29T16:56:27Z","2025-11-29T16:56:27Z"
"8cd9174e-7606-4804-9907-86c59b04a253","apple-ipad-10th-generation","Apple iPad (10th Generation)","A bold new design, powerful A14 chip, and USB-C connectivity — the iPad 10th Gen redefines the entry-level iPad experience.","A bold new design, powerful A14 chip, and USB-C connectivity — the iPad 10th Gen redefines the entry-level iPad experience.","The iPad 10th Gen brought a fresh, modern design with a larger '10.9-inch edge-to-edge display', ""USB-C port"", ""Touch ID on the power button"", and a landscape front camera. It moved away from the traditional look and introduced - Apple Pencil (1st Gen via USB-C adapter) and ""Magic Keyboard Folio"" support, making it great for work, school, and casual creativity.","APP-PRO-581562HQV","520000","580000","60000","5","0","1","10","5","2","1","true","true","false","false","false","[""iPad 10th Gen ||64gb|| WiFi || 520,000"",""iPad 10th Gen ||256gb|| WiFi || 620,000"",""10.9-inch Liquid Retina Display"",""A14 Bionic chip"",""USB-C charging"",""12MP rear camera"",""12MP ultra-wide \""landscape\"" front camera with Center Stage"",""Touch ID on top button"",""Apple Pencil (1st Gen via USB-C adapter)"",""Magic Keyboard Folio support"",""iPadOS multitasking features"",""RAM: 4GB"",""Operating System: iPadOS 16 (upgradable to iPadOS 17+)"",""Available Colors:   - Silver   - Blue   - Pink   - Yellow""]","[{""name"":""Chip"",""value"":""A14 Bionic with Neural Engine""}]","c06a17cd-6dc1-44d9-8970-62cf18b584cb","454d9b89-9ae9-4694-8f78-8ed73ff8659f","[""https://cdn.sanity.io/images/6cn2ufbi/prod_main/2170c6c89b51b4192b3ddceb15de12b1a7e7e363-4000x4000.jpg"",""https://cdn.sanity.io/images/6cn2ufbi/prod_main/88647212d1be1da55ea80a062872e5c11e34ab5f-4000x4000.jpg""]","[""Pink"",""Silver"",""Blue""]","[""64GB"",""256GB""]","[""Apple iPad (10th Generation)""]","[]","[]","[]","[]","[]","2025-11-29T17:33:05Z","2025-11-29T17:33:05Z"
"f11821c8-a0c0-4d3f-b040-77e8890e9b8c","apple-ipad-mini-5th-gen","Apple iPad Mini (5th Gen)","Small, smart, and sharp — the iPad Mini 5 delivers powerful performance in the palm of your hand.","Small, smart, and sharp — the iPad Mini 5 delivers powerful performance in the palm of your hand.","The iPad Mini 5 kept the classic compact design but packed in major upgrades under the hood. With the powerful 'A12 Bionic chip', ""Apple Pencil (1st Gen)"" support, and True Tone Retina Display, it offered big performance in a small size — ideal for reading, sketching, multitasking, and light productivity on the go.
","APP-PRO-554523RAD","550000","580000","30000","5","0","1","10","5","2","1","true","true","false","false","false","[""iPad mini 5th Gen ||64gb|| Wi-Fi || 550,000"",""iPad mini 5th Gen ||64gb|| Cellular || 580,000"",""7.9-inch Retina Display with True Tone and Wide Color"",""A12 Bionic chip with Neural Engine"",""Apple Pencil (1st Gen) support"",""8MP rear camera & 7MP FaceTime HD camera"",""Touch ID (Home Button)"",""iPadOS multitasking features"",""Up to 10 hours battery life"",""RAM: 3GB"",""Operating System: iOS 12 (upgradable to iPadOS""]","[{""name"":""Chip"",""value"":""Apple A12 Bionic""}]","c06a17cd-6dc1-44d9-8970-62cf18b584cb","454d9b89-9ae9-4694-8f78-8ed73ff8659f","[""https://cdn.sanity.io/images/6cn2ufbi/prod_main/3fd6856c6c26202c5d6e0d9fa2a0b522c9ca4e2f-4000x4000.jpg"",""https://cdn.sanity.io/images/6cn2ufbi/prod_main/34d5d6af0d7f7faf5ecac80c7017ab67c89feece-4000x4000.jpg""]","[""Gray"",""Silver"",""Gold""]","[""64GB"",""256GB""]","[""Apple iPad Mini (5th Generation)""]","[]","[]","[]","[]","[]","2025-11-29T18:05:57Z","2025-11-29T18:05:57Z"
"be6d7c8e-2086-4ed5-b022-6fc564608887","ipad-mini-6th-generation"," iPad Mini (6th Generation)","Small but mighty — the iPad Mini 6 is a pocket powerhouse with big capabilities.","Small but mighty — the iPad Mini 6 is a pocket powerhouse with big capabilities.","The iPad Mini 6 got a full redesign with edge-to-edge display, Touch ID on the power button, USB-C, and support for Apple Pencil (2nd Gen). Despite its compact size, it packs serious performance with the A15 Bionic chip, making it perfect for professionals, creators, and readers who want power in a portable frame","APP-PRO-410458H4E","570000","600000","30000","5","0","1","10","5","2","1","true","true","false","false","false","[""iPad mini 6th Gen ||64gb|| Wi-Fi || 570,000"",""iPad mini 6th Gen ||64gb|| Cellular ||  600,000"",""RAM: 4GB"",""Operating System: iPadOS 15 (upgradable to iPadOS 17+)"",""8.3-inch Liquid Retina Display"",""A15 Bionic chip"",""USB-C charging"",""12MP rear camera with True Tone flash"",""12MP ultra-wide front camera with Center Stage"",""Touch ID on the top button"",""Apple Pencil (2nd Gen) support"",""iPadOS multitasking""]","[{""name"":""Chip"",""value"":""A15 Bionic""}]","c06a17cd-6dc1-44d9-8970-62cf18b584cb","454d9b89-9ae9-4694-8f78-8ed73ff8659f","[""https://cdn.sanity.io/images/6cn2ufbi/prod_main/feceacf413cc57bc93b5f2a3b7c745a8eab11933-4000x4000.jpg"",""https://cdn.sanity.io/images/6cn2ufbi/prod_main/e24e606d7880883babf50916d344756c6e626e4a-4000x4000.jpg""]","[""Pink"",""Gray"",""Purple""]","[""64GB"",""256GB""]","[""iPad Mini (6th Generation)""]","[]","[]","[]","[]","[]","2025-12-13T11:13:34Z","2025-12-13T11:13:34Z"
"5e9879b9-3df3-4b4d-ac9a-01210abca03d","macbook-pro-14-m3-2023"," MacBook Pro 14"" (M3, 2023)","Powerful and portable MacBook Pro 14"" with M3 chip, XDR display & pro-level performanc","Powerful and portable MacBook Pro 14"" with M3 chip, XDR display & pro-level performanc","The MacBook Pro 14"" with the M3 chip delivers professional power in a portable form. Ideal for creators, developers, and multitaskers, it features a Liquid Retina XDR display, powerful M3 or M3 Pro/Max chip options, long battery life, and the latest macOS.
","APP-PRO-0092221FQ","1350000","1450000","100000","5","0","1","10","5","2","1","true","true","false","false","false","[""M3 / 8GB / 512GB → ₦1,350,000"",""M3 Pro / 16GB / 1TB → ₦2,100,000"",""M3 Max / 32GB+ / 1TB+ → ₦4,000,000+"",""Available Colors: - Space Gray - Silver - Space Black (M3 Pro/Max models only)"",""Storage Options: - 512GB - 1TB - 2TB - 4TB"",""RAM: 8GB to 128GB Unified Memory"",""Camera: 1080p FaceTime HD"",""Apple M3, M3 Pro, or M3 Max chip"",""Liquid Retina XDR Display (HDR10, Dolby Vision)"",""14.2\"" screen with ProMotion (120Hz)"",""Up to 22-hour battery life"",""Magic Keyboard with Touch ID"",""Thunderbolt 4, HDMI, SDXC card slot"",""macOS Sonoma (upgradable)""]","[{""name"":""Chip"",""value"":""M3 / M3 Pro / M3 Max""}]","c06a17cd-6dc1-44d9-8970-62cf18b584cb","454d9b89-9ae9-4694-8f78-8ed73ff8659f","[""https://cdn.sanity.io/images/6cn2ufbi/prod_main/9027fdfb38a2b924dc9dd135bfbd16eee3db1f7c-4000x4000.jpg"",""https://cdn.sanity.io/images/6cn2ufbi/prod_main/07cb511744be76609a480fe53bcab79029b78828-4000x4000.jpg""]","[""Black"",""Gray"",""Silver""]","[""512GB"",""1TB"",""2TB""]","[""MacBook Pro 14\"" (M3, 2023)""]","[]","[]","[]","[]","[]","2025-12-13T11:56:52Z","2025-12-13T11:56:52Z"
"208c0540-649d-4368-950d-59b05046c369","macbook-pro-16"," MacBook Pro 16"" ","16"" MacBook Pro with M3 Pro/Max chip, for top-tier creative and performance workloads.","16"" MacBook Pro with M3 Pro/Max chip, for top-tier creative and performance workloads.","The MacBook Pro 16"" (2023) is Apple’s most powerful and performance-driven laptop, designed for professionals handling intensive tasks — video editing, 3D rendering, software development, and more. Powered by the M3 Pro or M3 Max chip, it combines blazing speed, superior graphics, and extended battery life, all packed into a sleek aluminum chassis.","APP-PRO-255368136","2800000","3000000","200000","5","0","1","10","5","2","1","true","true","false","false","false","[""MacBook Pro 16\"" (M3 Pro/Max, 2023) - M3 Pro / 18GB / 512GB →  ₦2,800,000"",""M3 Max / 36GB+ / 1TB+ →  ₦5,000,000+"",""Available Colors: - Silver   - Space Gray   - Space Black (exclusive to M3 Pro/Max)"",""M3 Pro or M3 Max chip with up to 40-core GPU"",""16.2\"" Liquid Retina XDR Display (Extreme Dynamic Range, HDR, 120Hz ProMotion)"",""Magic Keyboard with Touch ID"",""1080p FaceTime HD camera"",""6-speaker sound system with Spatial Audio"",""Longest battery life in a MacBook (up to 22 hours)"",""macOS Sonoma"",""Wi-Fi 6E + Bluetooth 5.3"",""Supports up to 4 external displays (Max models)""]","[{""name"":""Camera"",""value"":""1080p FaceTime HD""}]","c06a17cd-6dc1-44d9-8970-62cf18b584cb","454d9b89-9ae9-4694-8f78-8ed73ff8659f","[""https://cdn.sanity.io/images/6cn2ufbi/prod_main/07cb511744be76609a480fe53bcab79029b78828-4000x4000.jpg"",""https://cdn.sanity.io/images/6cn2ufbi/prod_main/9027fdfb38a2b924dc9dd135bfbd16eee3db1f7c-4000x4000.jpg""]","[""Black"",""Silver"",""Gray""]","[""512GB"",""1TB"",""2TB""]","[""(M3 Pro / M3 Max, 2023)""]","[]","[]","[]","[]","[]","2025-12-14T17:44:18Z","2025-12-14T17:44:18Z"
"004e7ee9-7b0e-4fb2-a3e1-feccf64ec19b","macbook-air-13-m2-m3"," MacBook Air 13"" (M2 / M3)","Portable and powerful with M2 or M3 chip, perfect for everyday tasks and light creative work.","Portable and powerful with M2 or M3 chip, perfect for everyday tasks and light creative work.","Portable and powerful with M2 or M3 chip, perfect for everyday tasks and light creative work.","APP-PRO-365205OH5","1050000","1250000","200000","5","0","1","10","5","2","1","true","true","false","false","false","[""MacBook Air 13\""/15\"" (M2 or M3, 2022–2023) - M2 / 8GB / 256GB → ₦1,050,000"",""M3 / 8GB / 512GB →  ₦1,350,000"",""M2 or M3 chip (8-core CPU / 8 or 10-core GPU)"",""13.6\"" Liquid Retina Display (2560×1664)"",""8GB or 16GB Unified Memory"",""Storage: 256GB / 512GB / 1TB / 2TB"",""Magic Keyboard + Touch ID"",""Up to 18 hours battery"",""2x Thunderbolt / USB 4 ports + MagSafe"",""1080p FaceTime HD camera""]","[{""name"":""M3"",""value"":""chip""}]","c06a17cd-6dc1-44d9-8970-62cf18b584cb","454d9b89-9ae9-4694-8f78-8ed73ff8659f","[""https://cdn.sanity.io/images/6cn2ufbi/prod_main/07cb511744be76609a480fe53bcab79029b78828-4000x4000.jpg""]","[""Gray"",""Silver""]","[""512GB"",""1TB"",""2TB""]","[]","[]","[]","[]","[]","[]","2025-12-14T18:02:48Z","2025-12-14T18:02:48Z"
"9851984e-239d-48a7-b598-8a7d7379b266","macbook-air-15-m2-m3","MacBook Air 15"" (M2 / M3)","Larger display, same ultra-slim design. For users who want more screen real estate with great performance.","Larger display, same ultra-slim design. For users who want more screen real estate with great performance.","Larger display, same ultra-slim design. For users who want more screen real estate with great performance.
","APP-PRO-053159KQ7","1300000","1550000","250000","5","0","1","10","5","2","1","true","true","false","false","false","[""M2 / 8GB / 256GB → ₦1,300,000"",""M3 / 8GB / 512GB →  ₦1,600,000+"",""Available Colors:   - Midnight   - Starlight   - Silver   - Space Gray"",""M2 or M3 chip"",""15.3\"" Liquid Retina Display (2880×1864)"",""8GB or 16GB RAM"",""256GB / 512GB / 1TB / 2TB SSD"",""1080p FaceTime camera"",""Up to 18 hours battery"",""2x USB-C + MagSafe""]","[{""name"":""34.04 × 23.76 × 1.15 cm"",""value"":""Weight: ~1.51 kg""}]","c06a17cd-6dc1-44d9-8970-62cf18b584cb","454d9b89-9ae9-4694-8f78-8ed73ff8659f","[""https://cdn.sanity.io/images/6cn2ufbi/prod_main/9027fdfb38a2b924dc9dd135bfbd16eee3db1f7c-4000x4000.jpg""]","[""Gray"",""Silver""]","[""256GB"",""512GB"",""1TB""]","[""MacBook Air 15\"" (M2 / M3)""]","[]","[]","[]","[]","[]","2025-12-14T18:30:58Z","2025-12-14T18:30:58Z"
"5653b63b-7eab-4208-9b5f-c4912d1cb6f2","apple-magic-mouse","Apple Magic Mouse ","Wireless rechargeable multi-touch mouse with gesture support for Mac.","Wireless rechargeable multi-touch mouse with gesture support for Mac.","The Apple Magic Mouse is a sleek, wireless, multi-touch mouse designed for precision and smooth navigation. Its touch-sensitive surface lets you scroll, swipe, and perform gestures seamlessly, making it a favorite for Mac users seeking minimalism and efficiency.
","APP-PRO-012663780","90000","110000","20000","5","0","1","10","5","2","1","true","true","false","false","false","[""White Version: ₦90,000"",""Black Version (Space Gray):  ₦110,000"",""Available Colors: - White (with silver base)   - Black (with space gray base – sold separately or with Mac Pro/iMac)"",""Multi-Touch surface: Allows scrolling in any direction, swiping between web pages, and more."",""Wireless & Bluetooth-enabled: Connects easily to Mac devices without dongles."",""Rechargeable battery: Built-in lithium-ion battery (charges via Lightning cable)."",""Optimized for macOS: Fully compatible with gesture functions and customization in macOS settings."",""Lightweight & minimalist design: Low profile for easy portability"",""Long battery life: One full charge lasts up to a month or more""]","[{""name"":""Height"",""value"":""2.16 cm""}]","161d593e-88f9-41e1-9a3d-954c4d30a9a9","454d9b89-9ae9-4694-8f78-8ed73ff8659f","[""https://cdn.sanity.io/images/6cn2ufbi/prod_main/6fe9ee73cc78317bffb1d737d711e250995ae756-4000x4000.jpg"",""https://cdn.sanity.io/images/6cn2ufbi/prod_main/fc0fe185ead6c8ecb4c4d302fb70130670d941d4-4000x4000.jpg""]","[""Black"",""White""]","[""2TB""]","[""Apple Magic Mouse (2nd Gen)""]","[]","[]","[]","[]","[]","2025-12-14T19:03:35Z","2025-12-14T19:03:35Z"
"15a61fec-c203-43b9-9006-8a0df995037c","apple-magic-keyboard","Apple Magic Keyboard","Wireless Bluetooth keyboard with responsive typing and rechargeable battery.","Wireless Bluetooth keyboard with responsive typing and rechargeable battery.","A sleek, wireless keyboard with a low-profile, scissor mechanism for comfortable and precise typing. Pairs seamlessly with your Mac, iPad, or iPhone via Bluetooth and features long battery life with rechargeable support.","APP-PRO-590632PR3","180000","250000","70000","5","0","1","10","5","2","1","true","true","false","false","false","[""Apple Magic Keyboard (with and without Touch ID)"",""With Touch ID: ₦180,000"",""With Touch ID + Numeric Keypad: ₦200,000"",""Colors Available:   - Silver (white keys)   - Black (with space gray, limited editions)"",""Compatibility:   - All Macs, iPads, and iPhones with Bluetooth and iOS/macOS   - Optimized for macOS (function keys)"",""Bluetooth-enabled wireless connection"",""Scissor mechanism keys for quiet, precise typing"",""Rechargeable via Lightning to USB-C cable"",""Ultra-thin, lightweight design"",""Long battery life (up to a month per charge)""]","[{""name"":""Width:"",""value"":""27.9 cm""}]","161d593e-88f9-41e1-9a3d-954c4d30a9a9","454d9b89-9ae9-4694-8f78-8ed73ff8659f","[]","[""Black"",""Silver""]","[""64GB""]","[""Apple Magic Keyboard (with and without Touch ID)""]","[]","[]","[]","[]","[]","2025-12-16T13:09:54Z","2025-12-16T13:10:24Z"
"92e7b926-eafa-4a4e-8d8a-d7cdb187addc","new-product","New product","Short description","Short description","Long description","SAM-GEN-3475761AI","1250","12000","10750","5","0","12","","","","12","true","true","false","false","false","[""Sharp""]","[{""name"":""RAM"",""value"":""128""},{""name"":""ROM"",""value"":""526""}]","e26973b8-b931-4be7-b4dc-1b1f2ab5e42c","d620a64f-c559-4fe9-9831-c756da80d13a","[""https://cdn.sanity.io/images/6cn2ufbi/prod_main/92d31904ea45e07ffed16cfda8c9073560163064-474x355.webp"",""https://cdn.sanity.io/images/6cn2ufbi/prod_main/86691fa49e99797ad0c716fc623987bc2c5aa424-474x453.webp"",""https://cdn.sanity.io/images/6cn2ufbi/prod_main/0711fa32fea944107189178756242d2df5649f6d-1450x398.png""]","[""White""]","[""128GB""]","[""phone""]","[]","[]","[]","[]","[]","2026-01-15T17:49:10Z","2026-02-05T03:07:38Z"